51,-80,4DuxGzfpZlCRmL97JIcxZZX6EeA=,LXiS7oiFwJNRPEp0dtNEO3GmE8M=
49,-80,4DuxGzfpZlCRmL97JIcxZZX6EeA=,LXiS7oiFwJNRPEp0dtNEO3GmE8M=
63,-65,4DuxGzfpZlCRmL97JIcxZZX6EeA=,LXiS7oiFwJNRPEp0dtNEO3GmE8M=
62,-65,4DuxGzfpZlCRmL97JIcxZZX6EeA=,LXiS7oiFwJNRPEp0dtNEO3GmE8M=
61,-65,4DuxGzfpZlCRmL97JIcxZZX6EeA=,LXiS7oiFwJNRPEp0dtNEO3GmE8M=
60,-65,4DuxGzfpZlCRmL97JIcxZZX6EeA=,LXiS7oiFwJNRPEp0dtNEO3GmE8M=
58,-77,4DuxGzfpZlCRmL97JIcxZZX6EeA=,LXiS7oiFwJNRPEp0dtNEO3GmE8M=
59,-65,4DuxGzfpZlCRmL97JIcxZZX6EeA=,LXiS7oiFwJNRPEp0dtNEO3GmE8M=
62,-77,4DuxGzfpZlCRmL97JIcxZZX6EeA=,LXiS7oiFwJNRPEp0dtNEO3GmE8M=
55,-77,4DuxGzfpZlCRmL97JIcxZZX6EeA=,LXiS7oiFwJNRPEp0dtNEO3GmE8M=
63,-77,4DuxGzfpZlCRmL97JIcxZZX6EeA=,LXiS7oiFwJNRPEp0dtNEO3GmE8M=
58,-65,4DuxGzfpZlCRmL97JIcxZZX6EeA=,LXiS7oiFwJNRPEp0dtNEO3GmE8M=
57,-77,4DuxGzfpZlCRmL97JIcxZZX6EeA=,LXiS7oiFwJNRPEp0dtNEO3GmE8M=
61,-77,4DuxGzfpZlCRmL97JIcxZZX6EeA=,LXiS7oiFwJNRPEp0dtNEO3GmE8M=
56,-77,4DuxGzfpZlCRmL97JIcxZZX6EeA=,LXiS7oiFwJNRPEp0dtNEO3GmE8M=
56,-75,4DuxGzfpZlCRmL97JIcxZZX6EeA=,LXiS7oiFwJNRPEp0dtNEO3GmE8M=
59,-77,4DuxGzfpZlCRmL97JIcxZZX6EeA=,LXiS7oiFwJNRPEp0dtNEO3GmE8M=
57,-75,4DuxGzfpZlCRmL97JIcxZZX6EeA=,LXiS7oiFwJNRPEp0dtNEO3GmE8M=
55,-78,4DuxGzfpZlCRmL97JIcxZZX6EeA=,LXiS7oiFwJNRPEp0dtNEO3GmE8M=
57,-76,4DuxGzfpZlCRmL97JIcxZZX6EeA=,LXiS7oiFwJNRPEp0dtNEO3GmE8M=
51,-77,4DuxGzfpZlCRmL97JIcxZZX6EeA=,LXiS7oiFwJNRPEp0dtNEO3GmE8M=
53,-80,4DuxGzfpZlCRmL97JIcxZZX6EeA=,LXiS7oiFwJNRPEp0dtNEO3GmE8M=
50,-76,4DuxGzfpZlCRmL97JIcxZZX6EeA=,LXiS7oiFwJNRPEp0dtNEO3GmE8M=
51,-76,4DuxGzfpZlCRmL97JIcxZZX6EeA=,LXiS7oiFwJNRPEp0dtNEO3GmE8M=
48,-76,4DuxGzfpZlCRmL97JIcxZZX6EeA=,LXiS7oiFwJNRPEp0dtNEO3GmE8M=
58,-76,4DuxGzfpZlCRmL97JIcxZZX6EeA=,LXiS7oiFwJNRPEp0dtNEO3GmE8M=
50,-65,4DuxGzfpZlCRmL97JIcxZZX6EeA=,LXiS7oiFwJNRPEp0dtNEO3GmE8M=
56,-65,4DuxGzfpZlCRmL97JIcxZZX6EeA=,LXiS7oiFwJNRPEp0dtNEO3GmE8M=
49,-65,4DuxGzfpZlCRmL97JIcxZZX6EeA=,LXiS7oiFwJNRPEp0dtNEO3GmE8M=
59,-76,4DuxGzfpZlCRmL97JIcxZZX6EeA=,LXiS7oiFwJNRPEp0dtNEO3GmE8M=
49,-76,4DuxGzfpZlCRmL97JIcxZZX6EeA=,LXiS7oiFwJNRPEp0dtNEO3GmE8M=
54,-80,4DuxGzfpZlCRmL97JIcxZZX6EeA=,LXiS7oiFwJNRPEp0dtNEO3GmE8M=
53,-76,4DuxGzfpZlCRmL97JIcxZZX6EeA=,LXiS7oiFwJNRPEp0dtNEO3GmE8M=
52,-65,4DuxGzfpZlCRmL97JIcxZZX6EeA=,LXiS7oiFwJNRPEp0dtNEO3GmE8M=
48,-65,4DuxGzfpZlCRmL97JIcxZZX6EeA=,LXiS7oiFwJNRPEp0dtNEO3GmE8M=
63,-66,4DuxGzfpZlCRmL97JIcxZZX6EeA=,LXiS7oiFwJNRPEp0dtNEO3GmE8M=
60,-76,4DuxGzfpZlCRmL97JIcxZZX6EeA=,LXiS7oiFwJNRPEp0dtNEO3GmE8M=
51,-65,4DuxGzfpZlCRmL97JIcxZZX6EeA=,LXiS7oiFwJNRPEp0dtNEO3GmE8M=
57,-65,4DuxGzfpZlCRmL97JIcxZZX6EeA=,LXiS7oiFwJNRPEp0dtNEO3GmE8M=
55,-65,4DuxGzfpZlCRmL97JIcxZZX6EeA=,LXiS7oiFwJNRPEp0dtNEO3GmE8M=
62,-66,4DuxGzfpZlCRmL97JIcxZZX6EeA=,LXiS7oiFwJNRPEp0dtNEO3GmE8M=
61,-66,4DuxGzfpZlCRmL97JIcxZZX6EeA=,LXiS7oiFwJNRPEp0dtNEO3GmE8M=
54,-77,4DuxGzfpZlCRmL97JIcxZZX6EeA=,LXiS7oiFwJNRPEp0dtNEO3GmE8M=
60,-66,4DuxGzfpZlCRmL97JIcxZZX6EeA=,LXiS7oiFwJNRPEp0dtNEO3GmE8M=
53,-65,4DuxGzfpZlCRmL97JIcxZZX6EeA=,LXiS7oiFwJNRPEp0dtNEO3GmE8M=
60,-77,4DuxGzfpZlCRmL97JIcxZZX6EeA=,LXiS7oiFwJNRPEp0dtNEO3GmE8M=
58,-75,4DuxGzfpZlCRmL97JIcxZZX6EeA=,LXiS7oiFwJNRPEp0dtNEO3GmE8M=
53,-78,4DuxGzfpZlCRmL97JIcxZZX6EeA=,LXiS7oiFwJNRPEp0dtNEO3GmE8M=
50,-77,4DuxGzfpZlCRmL97JIcxZZX6EeA=,LXiS7oiFwJNRPEp0dtNEO3GmE8M=
56,-76,4DuxGzfpZlCRmL97JIcxZZX6EeA=,LXiS7oiFwJNRPEp0dtNEO3GmE8M=
54,-65,4DuxGzfpZlCRmL97JIcxZZX6EeA=,LXiS7oiFwJNRPEp0dtNEO3GmE8M=
62,-76,4DuxGzfpZlCRmL97JIcxZZX6EeA=,LXiS7oiFwJNRPEp0dtNEO3GmE8M=
63,-76,4DuxGzfpZlCRmL97JIcxZZX6EeA=,LXiS7oiFwJNRPEp0dtNEO3GmE8M=
53,-79,4DuxGzfpZlCRmL97JIcxZZX6EeA=,LXiS7oiFwJNRPEp0dtNEO3GmE8M=
55,-76,4DuxGzfpZlCRmL97JIcxZZX6EeA=,LXiS7oiFwJNRPEp0dtNEO3GmE8M=
55,-75,4DuxGzfpZlCRmL97JIcxZZX6EeA=,LXiS7oiFwJNRPEp0dtNEO3GmE8M=
54,-78,4DuxGzfpZlCRmL97JIcxZZX6EeA=,LXiS7oiFwJNRPEp0dtNEO3GmE8M=
49,-66,4DuxGzfpZlCRmL97JIcxZZX6EeA=,LXiS7oiFwJNRPEp0dtNEO3GmE8M=
48,-66,4DuxGzfpZlCRmL97JIcxZZX6EeA=,LXiS7oiFwJNRPEp0dtNEO3GmE8M=
52,-78,4DuxGzfpZlCRmL97JIcxZZX6EeA=,LXiS7oiFwJNRPEp0dtNEO3GmE8M=
63,-67,4DuxGzfpZlCRmL97JIcxZZX6EeA=,LXiS7oiFwJNRPEp0dtNEO3GmE8M=
59,-66,4DuxGzfpZlCRmL97JIcxZZX6EeA=,LXiS7oiFwJNRPEp0dtNEO3GmE8M=
62,-67,4DuxGzfpZlCRmL97JIcxZZX6EeA=,LXiS7oiFwJNRPEp0dtNEO3GmE8M=
61,-67,4DuxGzfpZlCRmL97JIcxZZX6EeA=,LXiS7oiFwJNRPEp0dtNEO3GmE8M=
60,-67,4DuxGzfpZlCRmL97JIcxZZX6EeA=,LXiS7oiFwJNRPEp0dtNEO3GmE8M=
54,-76,4DuxGzfpZlCRmL97JIcxZZX6EeA=,LXiS7oiFwJNRPEp0dtNEO3GmE8M=
55,-80,4DuxGzfpZlCRmL97JIcxZZX6EeA=,LXiS7oiFwJNRPEp0dtNEO3GmE8M=
52,-79,4DuxGzfpZlCRmL97JIcxZZX6EeA=,LXiS7oiFwJNRPEp0dtNEO3GmE8M=
52,-80,4DuxGzfpZlCRmL97JIcxZZX6EeA=,LXiS7oiFwJNRPEp0dtNEO3GmE8M=
61,-76,4DuxGzfpZlCRmL97JIcxZZX6EeA=,LXiS7oiFwJNRPEp0dtNEO3GmE8M=
58,-66,4DuxGzfpZlCRmL97JIcxZZX6EeA=,LXiS7oiFwJNRPEp0dtNEO3GmE8M=
51,-79,4DuxGzfpZlCRmL97JIcxZZX6EeA=,LXiS7oiFwJNRPEp0dtNEO3GmE8M=
54,-79,4DuxGzfpZlCRmL97JIcxZZX6EeA=,LXiS7oiFwJNRPEp0dtNEO3GmE8M=
56,-66,4DuxGzfpZlCRmL97JIcxZZX6EeA=,LXiS7oiFwJNRPEp0dtNEO3GmE8M=
52,-75,4DuxGzfpZlCRmL97JIcxZZX6EeA=,LXiS7oiFwJNRPEp0dtNEO3GmE8M=
59,-75,4DuxGzfpZlCRmL97JIcxZZX6EeA=,LXiS7oiFwJNRPEp0dtNEO3GmE8M=
48,-75,4DuxGzfpZlCRmL97JIcxZZX6EeA=,LXiS7oiFwJNRPEp0dtNEO3GmE8M=
48,-67,4DuxGzfpZlCRmL97JIcxZZX6EeA=,LXiS7oiFwJNRPEp0dtNEO3GmE8M=
52,-66,4DuxGzfpZlCRmL97JIcxZZX6EeA=,LXiS7oiFwJNRPEp0dtNEO3GmE8M=
63,-68,4DuxGzfpZlCRmL97JIcxZZX6EeA=,LXiS7oiFwJNRPEp0dtNEO3GmE8M=
52,-76,4DuxGzfpZlCRmL97JIcxZZX6EeA=,LXiS7oiFwJNRPEp0dtNEO3GmE8M=
62,-68,4DuxGzfpZlCRmL97JIcxZZX6EeA=,LXiS7oiFwJNRPEp0dtNEO3GmE8M=
61,-68,4DuxGzfpZlCRmL97JIcxZZX6EeA=,LXiS7oiFwJNRPEp0dtNEO3GmE8M=
60,-68,4DuxGzfpZlCRmL97JIcxZZX6EeA=,LXiS7oiFwJNRPEp0dtNEO3GmE8M=
58,-67,4DuxGzfpZlCRmL97JIcxZZX6EeA=,LXiS7oiFwJNRPEp0dtNEO3GmE8M=
53,-77,4DuxGzfpZlCRmL97JIcxZZX6EeA=,LXiS7oiFwJNRPEp0dtNEO3GmE8M=
54,-75,4DuxGzfpZlCRmL97JIcxZZX6EeA=,LXiS7oiFwJNRPEp0dtNEO3GmE8M=
51,-78,4DuxGzfpZlCRmL97JIcxZZX6EeA=,LXiS7oiFwJNRPEp0dtNEO3GmE8M=
54,-66,4DuxGzfpZlCRmL97JIcxZZX6EeA=,LXiS7oiFwJNRPEp0dtNEO3GmE8M=
55,-66,4DuxGzfpZlCRmL97JIcxZZX6EeA=,LXiS7oiFwJNRPEp0dtNEO3GmE8M=
53,-75,4DuxGzfpZlCRmL97JIcxZZX6EeA=,LXiS7oiFwJNRPEp0dtNEO3GmE8M=
57,-66,4DuxGzfpZlCRmL97JIcxZZX6EeA=,LXiS7oiFwJNRPEp0dtNEO3GmE8M=
49,-67,4DuxGzfpZlCRmL97JIcxZZX6EeA=,LXiS7oiFwJNRPEp0dtNEO3GmE8M=
59,-67,4DuxGzfpZlCRmL97JIcxZZX6EeA=,LXiS7oiFwJNRPEp0dtNEO3GmE8M=
51,-75,4DuxGzfpZlCRmL97JIcxZZX6EeA=,LXiS7oiFwJNRPEp0dtNEO3GmE8M=
49,-79,4DuxGzfpZlCRmL97JIcxZZX6EeA=,LXiS7oiFwJNRPEp0dtNEO3GmE8M=
48,-68,4DuxGzfpZlCRmL97JIcxZZX6EeA=,LXiS7oiFwJNRPEp0dtNEO3GmE8M=
48,-79,4DuxGzfpZlCRmL97JIcxZZX6EeA=,LXiS7oiFwJNRPEp0dtNEO3GmE8M=
57,-67,4DuxGzfpZlCRmL97JIcxZZX6EeA=,LXiS7oiFwJNRPEp0dtNEO3GmE8M=
53,-66,4DuxGzfpZlCRmL97JIcxZZX6EeA=,LXiS7oiFwJNRPEp0dtNEO3GmE8M=
55,-67,4DuxGzfpZlCRmL97JIcxZZX6EeA=,LXiS7oiFwJNRPEp0dtNEO3GmE8M=
50,-80,4DuxGzfpZlCRmL97JIcxZZX6EeA=,LXiS7oiFwJNRPEp0dtNEO3GmE8M=
56,-67,4DuxGzfpZlCRmL97JIcxZZX6EeA=,LXiS7oiFwJNRPEp0dtNEO3GmE8M=
48,-78,4DuxGzfpZlCRmL97JIcxZZX6EeA=,LXiS7oiFwJNRPEp0dtNEO3GmE8M=
60,-75,4DuxGzfpZlCRmL97JIcxZZX6EeA=,LXiS7oiFwJNRPEp0dtNEO3GmE8M=
55,-79,4DuxGzfpZlCRmL97JIcxZZX6EeA=,LXiS7oiFwJNRPEp0dtNEO3GmE8M=
63,-69,4DuxGzfpZlCRmL97JIcxZZX6EeA=,LXiS7oiFwJNRPEp0dtNEO3GmE8M=
50,-66,4DuxGzfpZlCRmL97JIcxZZX6EeA=,LXiS7oiFwJNRPEp0dtNEO3GmE8M=
62,-69,4DuxGzfpZlCRmL97JIcxZZX6EeA=,LXiS7oiFwJNRPEp0dtNEO3GmE8M=
61,-69,4DuxGzfpZlCRmL97JIcxZZX6EeA=,LXiS7oiFwJNRPEp0dtNEO3GmE8M=
60,-69,4DuxGzfpZlCRmL97JIcxZZX6EeA=,LXiS7oiFwJNRPEp0dtNEO3GmE8M=
49,-68,4DuxGzfpZlCRmL97JIcxZZX6EeA=,LXiS7oiFwJNRPEp0dtNEO3GmE8M=
50,-75,4DuxGzfpZlCRmL97JIcxZZX6EeA=,LXiS7oiFwJNRPEp0dtNEO3GmE8M=
49,-77,4DuxGzfpZlCRmL97JIcxZZX6EeA=,LXiS7oiFwJNRPEp0dtNEO3GmE8M=
54,-67,4DuxGzfpZlCRmL97JIcxZZX6EeA=,LXiS7oiFwJNRPEp0dtNEO3GmE8M=
52,-77,4DuxGzfpZlCRmL97JIcxZZX6EeA=,LXiS7oiFwJNRPEp0dtNEO3GmE8M=
50,-79,4DuxGzfpZlCRmL97JIcxZZX6EeA=,LXiS7oiFwJNRPEp0dtNEO3GmE8M=
49,-75,4DuxGzfpZlCRmL97JIcxZZX6EeA=,LXiS7oiFwJNRPEp0dtNEO3GmE8M=
55,-68,4DuxGzfpZlCRmL97JIcxZZX6EeA=,LXiS7oiFwJNRPEp0dtNEO3GmE8M=
54,-68,4DuxGzfpZlCRmL97JIcxZZX6EeA=,LXiS7oiFwJNRPEp0dtNEO3GmE8M=
59,-69,4DuxGzfpZlCRmL97JIcxZZX6EeA=,LXiS7oiFwJNRPEp0dtNEO3GmE8M=
58,-68,4DuxGzfpZlCRmL97JIcxZZX6EeA=,LXiS7oiFwJNRPEp0dtNEO3GmE8M=
61,-75,4DuxGzfpZlCRmL97JIcxZZX6EeA=,LXiS7oiFwJNRPEp0dtNEO3GmE8M=
63,-79,4DuxGzfpZlCRmL97JIcxZZX6EeA=,LXiS7oiFwJNRPEp0dtNEO3GmE8M=
59,-68,4DuxGzfpZlCRmL97JIcxZZX6EeA=,LXiS7oiFwJNRPEp0dtNEO3GmE8M=
48,-69,4DuxGzfpZlCRmL97JIcxZZX6EeA=,LXiS7oiFwJNRPEp0dtNEO3GmE8M=
56,-68,4DuxGzfpZlCRmL97JIcxZZX6EeA=,LXiS7oiFwJNRPEp0dtNEO3GmE8M=
62,-70,4DuxGzfpZlCRmL97JIcxZZX6EeA=,LXiS7oiFwJNRPEp0dtNEO3GmE8M=
63,-70,4DuxGzfpZlCRmL97JIcxZZX6EeA=,LXiS7oiFwJNRPEp0dtNEO3GmE8M=
61,-70,4DuxGzfpZlCRmL97JIcxZZX6EeA=,LXiS7oiFwJNRPEp0dtNEO3GmE8M=
60,-70,4DuxGzfpZlCRmL97JIcxZZX6EeA=,LXiS7oiFwJNRPEp0dtNEO3GmE8M=
56,-78,4DuxGzfpZlCRmL97JIcxZZX6EeA=,LXiS7oiFwJNRPEp0dtNEO3GmE8M=
59,-70,4DuxGzfpZlCRmL97JIcxZZX6EeA=,LXiS7oiFwJNRPEp0dtNEO3GmE8M=
53,-67,4DuxGzfpZlCRmL97JIcxZZX6EeA=,LXiS7oiFwJNRPEp0dtNEO3GmE8M=
62,-79,4DuxGzfpZlCRmL97JIcxZZX6EeA=,LXiS7oiFwJNRPEp0dtNEO3GmE8M=
57,-68,4DuxGzfpZlCRmL97JIcxZZX6EeA=,LXiS7oiFwJNRPEp0dtNEO3GmE8M=
63,-80,4DuxGzfpZlCRmL97JIcxZZX6EeA=,LXiS7oiFwJNRPEp0dtNEO3GmE8M=
52,-67,4DuxGzfpZlCRmL97JIcxZZX6EeA=,LXiS7oiFwJNRPEp0dtNEO3GmE8M=
57,-69,4DuxGzfpZlCRmL97JIcxZZX6EeA=,LXiS7oiFwJNRPEp0dtNEO3GmE8M=
62,-80,4DuxGzfpZlCRmL97JIcxZZX6EeA=,LXiS7oiFwJNRPEp0dtNEO3GmE8M=
62,-78,4DuxGzfpZlCRmL97JIcxZZX6EeA=,LXiS7oiFwJNRPEp0dtNEO3GmE8M=
63,-78,4DuxGzfpZlCRmL97JIcxZZX6EeA=,LXiS7oiFwJNRPEp0dtNEO3GmE8M=
55,-69,4DuxGzfpZlCRmL97JIcxZZX6EeA=,LXiS7oiFwJNRPEp0dtNEO3GmE8M=
53,-68,4DuxGzfpZlCRmL97JIcxZZX6EeA=,LXiS7oiFwJNRPEp0dtNEO3GmE8M=
56,-69,4DuxGzfpZlCRmL97JIcxZZX6EeA=,LXiS7oiFwJNRPEp0dtNEO3GmE8M=
62,-71,4DuxGzfpZlCRmL97JIcxZZX6EeA=,LXiS7oiFwJNRPEp0dtNEO3GmE8M=
58,-69,4DuxGzfpZlCRmL97JIcxZZX6EeA=,LXiS7oiFwJNRPEp0dtNEO3GmE8M=
61,-71,4DuxGzfpZlCRmL97JIcxZZX6EeA=,LXiS7oiFwJNRPEp0dtNEO3GmE8M=
60,-71,4DuxGzfpZlCRmL97JIcxZZX6EeA=,LXiS7oiFwJNRPEp0dtNEO3GmE8M=
61,-78,4DuxGzfpZlCRmL97JIcxZZX6EeA=,LXiS7oiFwJNRPEp0dtNEO3GmE8M=
59,-71,4DuxGzfpZlCRmL97JIcxZZX6EeA=,LXiS7oiFwJNRPEp0dtNEO3GmE8M=
58,-71,4DuxGzfpZlCRmL97JIcxZZX6EeA=,LXiS7oiFwJNRPEp0dtNEO3GmE8M=
49,-78,4DuxGzfpZlCRmL97JIcxZZX6EeA=,LXiS7oiFwJNRPEp0dtNEO3GmE8M=
58,-70,4DuxGzfpZlCRmL97JIcxZZX6EeA=,LXiS7oiFwJNRPEp0dtNEO3GmE8M=
48,-77,4DuxGzfpZlCRmL97JIcxZZX6EeA=,LXiS7oiFwJNRPEp0dtNEO3GmE8M=
63,-71,4DuxGzfpZlCRmL97JIcxZZX6EeA=,LXiS7oiFwJNRPEp0dtNEO3GmE8M=
50,-69,4DuxGzfpZlCRmL97JIcxZZX6EeA=,LXiS7oiFwJNRPEp0dtNEO3GmE8M=
57,-71,4DuxGzfpZlCRmL97JIcxZZX6EeA=,LXiS7oiFwJNRPEp0dtNEO3GmE8M=
54,-69,4DuxGzfpZlCRmL97JIcxZZX6EeA=,LXiS7oiFwJNRPEp0dtNEO3GmE8M=
50,-68,4DuxGzfpZlCRmL97JIcxZZX6EeA=,LXiS7oiFwJNRPEp0dtNEO3GmE8M=
56,-70,4DuxGzfpZlCRmL97JIcxZZX6EeA=,LXiS7oiFwJNRPEp0dtNEO3GmE8M=
49,-69,4DuxGzfpZlCRmL97JIcxZZX6EeA=,LXiS7oiFwJNRPEp0dtNEO3GmE8M=
57,-70,4DuxGzfpZlCRmL97JIcxZZX6EeA=,LXiS7oiFwJNRPEp0dtNEO3GmE8M=
56,-71,4DuxGzfpZlCRmL97JIcxZZX6EeA=,LXiS7oiFwJNRPEp0dtNEO3GmE8M=
54,-70,4DuxGzfpZlCRmL97JIcxZZX6EeA=,LXiS7oiFwJNRPEp0dtNEO3GmE8M=
50,-78,4DuxGzfpZlCRmL97JIcxZZX6EeA=,LXiS7oiFwJNRPEp0dtNEO3GmE8M=
55,-71,4DuxGzfpZlCRmL97JIcxZZX6EeA=,LXiS7oiFwJNRPEp0dtNEO3GmE8M=
59,-72,4DuxGzfpZlCRmL97JIcxZZX6EeA=,LXiS7oiFwJNRPEp0dtNEO3GmE8M=
58,-72,4DuxGzfpZlCRmL97JIcxZZX6EeA=,LXiS7oiFwJNRPEp0dtNEO3GmE8M=
60,-72,4DuxGzfpZlCRmL97JIcxZZX6EeA=,LXiS7oiFwJNRPEp0dtNEO3GmE8M=
56,-72,4DuxGzfpZlCRmL97JIcxZZX6EeA=,LXiS7oiFwJNRPEp0dtNEO3GmE8M=
55,-72,4DuxGzfpZlCRmL97JIcxZZX6EeA=,LXiS7oiFwJNRPEp0dtNEO3GmE8M=
54,-72,4DuxGzfpZlCRmL97JIcxZZX6EeA=,LXiS7oiFwJNRPEp0dtNEO3GmE8M=
57,-72,4DuxGzfpZlCRmL97JIcxZZX6EeA=,LXiS7oiFwJNRPEp0dtNEO3GmE8M=
48,-70,4DuxGzfpZlCRmL97JIcxZZX6EeA=,LXiS7oiFwJNRPEp0dtNEO3GmE8M=
50,-67,4DuxGzfpZlCRmL97JIcxZZX6EeA=,LXiS7oiFwJNRPEp0dtNEO3GmE8M=
54,-71,4DuxGzfpZlCRmL97JIcxZZX6EeA=,LXiS7oiFwJNRPEp0dtNEO3GmE8M=
49,-70,4DuxGzfpZlCRmL97JIcxZZX6EeA=,LXiS7oiFwJNRPEp0dtNEO3GmE8M=
51,-66,4DuxGzfpZlCRmL97JIcxZZX6EeA=,LXiS7oiFwJNRPEp0dtNEO3GmE8M=
51,-69,4DuxGzfpZlCRmL97JIcxZZX6EeA=,LXiS7oiFwJNRPEp0dtNEO3GmE8M=
62,-75,4DuxGzfpZlCRmL97JIcxZZX6EeA=,LXiS7oiFwJNRPEp0dtNEO3GmE8M=
61,-72,4DuxGzfpZlCRmL97JIcxZZX6EeA=,LXiS7oiFwJNRPEp0dtNEO3GmE8M=
61,-79,4DuxGzfpZlCRmL97JIcxZZX6EeA=,LXiS7oiFwJNRPEp0dtNEO3GmE8M=
48,-80,4DuxGzfpZlCRmL97JIcxZZX6EeA=,LXiS7oiFwJNRPEp0dtNEO3GmE8M=
50,-70,4DuxGzfpZlCRmL97JIcxZZX6EeA=,LXiS7oiFwJNRPEp0dtNEO3GmE8M=
55,-70,4DuxGzfpZlCRmL97JIcxZZX6EeA=,LXiS7oiFwJNRPEp0dtNEO3GmE8M=
52,-69,4DuxGzfpZlCRmL97JIcxZZX6EeA=,LXiS7oiFwJNRPEp0dtNEO3GmE8M=
49,-71,4DuxGzfpZlCRmL97JIcxZZX6EeA=,LXiS7oiFwJNRPEp0dtNEO3GmE8M=
51,-68,4DuxGzfpZlCRmL97JIcxZZX6EeA=,LXiS7oiFwJNRPEp0dtNEO3GmE8M=
48,-71,4DuxGzfpZlCRmL97JIcxZZX6EeA=,LXiS7oiFwJNRPEp0dtNEO3GmE8M=
61,-80,4DuxGzfpZlCRmL97JIcxZZX6EeA=,LXiS7oiFwJNRPEp0dtNEO3GmE8M=
53,-69,4DuxGzfpZlCRmL97JIcxZZX6EeA=,LXiS7oiFwJNRPEp0dtNEO3GmE8M=
52,-68,4DuxGzfpZlCRmL97JIcxZZX6EeA=,LXiS7oiFwJNRPEp0dtNEO3GmE8M=
50,-71,4DuxGzfpZlCRmL97JIcxZZX6EeA=,LXiS7oiFwJNRPEp0dtNEO3GmE8M=
60,-73,4DuxGzfpZlCRmL97JIcxZZX6EeA=,LXiS7oiFwJNRPEp0dtNEO3GmE8M=
62,-72,4DuxGzfpZlCRmL97JIcxZZX6EeA=,LXiS7oiFwJNRPEp0dtNEO3GmE8M=
59,-80,4DuxGzfpZlCRmL97JIcxZZX6EeA=,LXiS7oiFwJNRPEp0dtNEO3GmE8M=
57,-73,4DuxGzfpZlCRmL97JIcxZZX6EeA=,LXiS7oiFwJNRPEp0dtNEO3GmE8M=
63,-73,4DuxGzfpZlCRmL97JIcxZZX6EeA=,LXiS7oiFwJNRPEp0dtNEO3GmE8M=
53,-70,4DuxGzfpZlCRmL97JIcxZZX6EeA=,LXiS7oiFwJNRPEp0dtNEO3GmE8M=
51,-70,4DuxGzfpZlCRmL97JIcxZZX6EeA=,LXiS7oiFwJNRPEp0dtNEO3GmE8M=
59,-73,4DuxGzfpZlCRmL97JIcxZZX6EeA=,LXiS7oiFwJNRPEp0dtNEO3GmE8M=
53,-72,4DuxGzfpZlCRmL97JIcxZZX6EeA=,LXiS7oiFwJNRPEp0dtNEO3GmE8M=
53,-71,4DuxGzfpZlCRmL97JIcxZZX6EeA=,LXiS7oiFwJNRPEp0dtNEO3GmE8M=
50,-72,4DuxGzfpZlCRmL97JIcxZZX6EeA=,LXiS7oiFwJNRPEp0dtNEO3GmE8M=
60,-80,4DuxGzfpZlCRmL97JIcxZZX6EeA=,LXiS7oiFwJNRPEp0dtNEO3GmE8M=
61,-73,4DuxGzfpZlCRmL97JIcxZZX6EeA=,LXiS7oiFwJNRPEp0dtNEO3GmE8M=
56,-73,4DuxGzfpZlCRmL97JIcxZZX6EeA=,LXiS7oiFwJNRPEp0dtNEO3GmE8M=
62,-73,4DuxGzfpZlCRmL97JIcxZZX6EeA=,LXiS7oiFwJNRPEp0dtNEO3GmE8M=
52,-70,4DuxGzfpZlCRmL97JIcxZZX6EeA=,LXiS7oiFwJNRPEp0dtNEO3GmE8M=
60,-79,4DuxGzfpZlCRmL97JIcxZZX6EeA=,LXiS7oiFwJNRPEp0dtNEO3GmE8M=
60,-78,4DuxGzfpZlCRmL97JIcxZZX6EeA=,LXiS7oiFwJNRPEp0dtNEO3GmE8M=
63,-72,4DuxGzfpZlCRmL97JIcxZZX6EeA=,LXiS7oiFwJNRPEp0dtNEO3GmE8M=
55,-73,4DuxGzfpZlCRmL97JIcxZZX6EeA=,LXiS7oiFwJNRPEp0dtNEO3GmE8M=
58,-79,4DuxGzfpZlCRmL97JIcxZZX6EeA=,LXiS7oiFwJNRPEp0dtNEO3GmE8M=
51,-67,4DuxGzfpZlCRmL97JIcxZZX6EeA=,LXiS7oiFwJNRPEp0dtNEO3GmE8M=
57,-74,4DuxGzfpZlCRmL97JIcxZZX6EeA=,LXiS7oiFwJNRPEp0dtNEO3GmE8M=
49,-72,4DuxGzfpZlCRmL97JIcxZZX6EeA=,LXiS7oiFwJNRPEp0dtNEO3GmE8M=
63,-75,4DuxGzfpZlCRmL97JIcxZZX6EeA=,LXiS7oiFwJNRPEp0dtNEO3GmE8M=
52,-71,4DuxGzfpZlCRmL97JIcxZZX6EeA=,LXiS7oiFwJNRPEp0dtNEO3GmE8M=
63,-74,4DuxGzfpZlCRmL97JIcxZZX6EeA=,LXiS7oiFwJNRPEp0dtNEO3GmE8M=
50,-73,4DuxGzfpZlCRmL97JIcxZZX6EeA=,LXiS7oiFwJNRPEp0dtNEO3GmE8M=
62,-74,4DuxGzfpZlCRmL97JIcxZZX6EeA=,LXiS7oiFwJNRPEp0dtNEO3GmE8M=
59,-79,4DuxGzfpZlCRmL97JIcxZZX6EeA=,LXiS7oiFwJNRPEp0dtNEO3GmE8M=
48,-72,4DuxGzfpZlCRmL97JIcxZZX6EeA=,LXiS7oiFwJNRPEp0dtNEO3GmE8M=
59,-78,4DuxGzfpZlCRmL97JIcxZZX6EeA=,LXiS7oiFwJNRPEp0dtNEO3GmE8M=
51,-72,4DuxGzfpZlCRmL97JIcxZZX6EeA=,LXiS7oiFwJNRPEp0dtNEO3GmE8M=
58,-73,4DuxGzfpZlCRmL97JIcxZZX6EeA=,LXiS7oiFwJNRPEp0dtNEO3GmE8M=
60,-74,4DuxGzfpZlCRmL97JIcxZZX6EeA=,LXiS7oiFwJNRPEp0dtNEO3GmE8M=
58,-80,4DuxGzfpZlCRmL97JIcxZZX6EeA=,LXiS7oiFwJNRPEp0dtNEO3GmE8M=
56,-80,4DuxGzfpZlCRmL97JIcxZZX6EeA=,LXiS7oiFwJNRPEp0dtNEO3GmE8M=
57,-79,4DuxGzfpZlCRmL97JIcxZZX6EeA=,LXiS7oiFwJNRPEp0dtNEO3GmE8M=
50,-74,4DuxGzfpZlCRmL97JIcxZZX6EeA=,LXiS7oiFwJNRPEp0dtNEO3GmE8M=
61,-74,4DuxGzfpZlCRmL97JIcxZZX6EeA=,LXiS7oiFwJNRPEp0dtNEO3GmE8M=
59,-74,4DuxGzfpZlCRmL97JIcxZZX6EeA=,LXiS7oiFwJNRPEp0dtNEO3GmE8M=
54,-73,4DuxGzfpZlCRmL97JIcxZZX6EeA=,LXiS7oiFwJNRPEp0dtNEO3GmE8M=
51,-73,4DuxGzfpZlCRmL97JIcxZZX6EeA=,LXiS7oiFwJNRPEp0dtNEO3GmE8M=
56,-74,4DuxGzfpZlCRmL97JIcxZZX6EeA=,LXiS7oiFwJNRPEp0dtNEO3GmE8M=
52,-73,4DuxGzfpZlCRmL97JIcxZZX6EeA=,LXiS7oiFwJNRPEp0dtNEO3GmE8M=
58,-74,4DuxGzfpZlCRmL97JIcxZZX6EeA=,LXiS7oiFwJNRPEp0dtNEO3GmE8M=
58,-78,4DuxGzfpZlCRmL97JIcxZZX6EeA=,LXiS7oiFwJNRPEp0dtNEO3GmE8M=
52,-72,4DuxGzfpZlCRmL97JIcxZZX6EeA=,LXiS7oiFwJNRPEp0dtNEO3GmE8M=
49,-73,4DuxGzfpZlCRmL97JIcxZZX6EeA=,LXiS7oiFwJNRPEp0dtNEO3GmE8M=
48,-73,4DuxGzfpZlCRmL97JIcxZZX6EeA=,LXiS7oiFwJNRPEp0dtNEO3GmE8M=
57,-80,4DuxGzfpZlCRmL97JIcxZZX6EeA=,LXiS7oiFwJNRPEp0dtNEO3GmE8M=
49,-74,4DuxGzfpZlCRmL97JIcxZZX6EeA=,LXiS7oiFwJNRPEp0dtNEO3GmE8M=
52,-74,4DuxGzfpZlCRmL97JIcxZZX6EeA=,LXiS7oiFwJNRPEp0dtNEO3GmE8M=
51,-74,4DuxGzfpZlCRmL97JIcxZZX6EeA=,LXiS7oiFwJNRPEp0dtNEO3GmE8M=
55,-74,4DuxGzfpZlCRmL97JIcxZZX6EeA=,LXiS7oiFwJNRPEp0dtNEO3GmE8M=
54,-74,4DuxGzfpZlCRmL97JIcxZZX6EeA=,LXiS7oiFwJNRPEp0dtNEO3GmE8M=
53,-74,4DuxGzfpZlCRmL97JIcxZZX6EeA=,LXiS7oiFwJNRPEp0dtNEO3GmE8M=
57,-78,4DuxGzfpZlCRmL97JIcxZZX6EeA=,LXiS7oiFwJNRPEp0dtNEO3GmE8M=
48,-74,4DuxGzfpZlCRmL97JIcxZZX6EeA=,LXiS7oiFwJNRPEp0dtNEO3GmE8M=
53,-73,4DuxGzfpZlCRmL97JIcxZZX6EeA=,LXiS7oiFwJNRPEp0dtNEO3GmE8M=
56,-79,4DuxGzfpZlCRmL97JIcxZZX6EeA=,LXiS7oiFwJNRPEp0dtNEO3GmE8M=
51,-71,4DuxGzfpZlCRmL97JIcxZZX6EeA=,LXiS7oiFwJNRPEp0dtNEO3GmE8M=
53,-96,4DuxGzfpZlCRmL97JIcxZZX6EeA=,LXiS7oiFwJNRPEp0dtNEO3GmE8M=
55,-93,4DuxGzfpZlCRmL97JIcxZZX6EeA=,LXiS7oiFwJNRPEp0dtNEO3GmE8M=
56,-93,4DuxGzfpZlCRmL97JIcxZZX6EeA=,LXiS7oiFwJNRPEp0dtNEO3GmE8M=
57,-93,4DuxGzfpZlCRmL97JIcxZZX6EeA=,LXiS7oiFwJNRPEp0dtNEO3GmE8M=
58,-93,4DuxGzfpZlCRmL97JIcxZZX6EeA=,LXiS7oiFwJNRPEp0dtNEO3GmE8M=
59,-93,4DuxGzfpZlCRmL97JIcxZZX6EeA=,LXiS7oiFwJNRPEp0dtNEO3GmE8M=
60,-93,4DuxGzfpZlCRmL97JIcxZZX6EeA=,LXiS7oiFwJNRPEp0dtNEO3GmE8M=
61,-93,4DuxGzfpZlCRmL97JIcxZZX6EeA=,LXiS7oiFwJNRPEp0dtNEO3GmE8M=
62,-93,4DuxGzfpZlCRmL97JIcxZZX6EeA=,LXiS7oiFwJNRPEp0dtNEO3GmE8M=
63,-93,4DuxGzfpZlCRmL97JIcxZZX6EeA=,LXiS7oiFwJNRPEp0dtNEO3GmE8M=
54,-95,4DuxGzfpZlCRmL97JIcxZZX6EeA=,LXiS7oiFwJNRPEp0dtNEO3GmE8M=
48,-92,4DuxGzfpZlCRmL97JIcxZZX6EeA=,LXiS7oiFwJNRPEp0dtNEO3GmE8M=
55,-94,4DuxGzfpZlCRmL97JIcxZZX6EeA=,LXiS7oiFwJNRPEp0dtNEO3GmE8M=
54,-96,4DuxGzfpZlCRmL97JIcxZZX6EeA=,LXiS7oiFwJNRPEp0dtNEO3GmE8M=
49,-92,4DuxGzfpZlCRmL97JIcxZZX6EeA=,LXiS7oiFwJNRPEp0dtNEO3GmE8M=
51,-92,4DuxGzfpZlCRmL97JIcxZZX6EeA=,LXiS7oiFwJNRPEp0dtNEO3GmE8M=
50,-92,4DuxGzfpZlCRmL97JIcxZZX6EeA=,LXiS7oiFwJNRPEp0dtNEO3GmE8M=
52,-92,4DuxGzfpZlCRmL97JIcxZZX6EeA=,LXiS7oiFwJNRPEp0dtNEO3GmE8M=
53,-92,4DuxGzfpZlCRmL97JIcxZZX6EeA=,LXiS7oiFwJNRPEp0dtNEO3GmE8M=
54,-92,4DuxGzfpZlCRmL97JIcxZZX6EeA=,LXiS7oiFwJNRPEp0dtNEO3GmE8M=
55,-92,4DuxGzfpZlCRmL97JIcxZZX6EeA=,LXiS7oiFwJNRPEp0dtNEO3GmE8M=
56,-92,4DuxGzfpZlCRmL97JIcxZZX6EeA=,LXiS7oiFwJNRPEp0dtNEO3GmE8M=
57,-92,4DuxGzfpZlCRmL97JIcxZZX6EeA=,LXiS7oiFwJNRPEp0dtNEO3GmE8M=
58,-92,4DuxGzfpZlCRmL97JIcxZZX6EeA=,LXiS7oiFwJNRPEp0dtNEO3GmE8M=
59,-92,4DuxGzfpZlCRmL97JIcxZZX6EeA=,LXiS7oiFwJNRPEp0dtNEO3GmE8M=
54,-93,4DuxGzfpZlCRmL97JIcxZZX6EeA=,LXiS7oiFwJNRPEp0dtNEO3GmE8M=
60,-92,4DuxGzfpZlCRmL97JIcxZZX6EeA=,LXiS7oiFwJNRPEp0dtNEO3GmE8M=
61,-92,4DuxGzfpZlCRmL97JIcxZZX6EeA=,LXiS7oiFwJNRPEp0dtNEO3GmE8M=
54,-94,4DuxGzfpZlCRmL97JIcxZZX6EeA=,LXiS7oiFwJNRPEp0dtNEO3GmE8M=
62,-92,4DuxGzfpZlCRmL97JIcxZZX6EeA=,LXiS7oiFwJNRPEp0dtNEO3GmE8M=
63,-92,4DuxGzfpZlCRmL97JIcxZZX6EeA=,LXiS7oiFwJNRPEp0dtNEO3GmE8M=
53,-94,4DuxGzfpZlCRmL97JIcxZZX6EeA=,LXiS7oiFwJNRPEp0dtNEO3GmE8M=
55,-95,4DuxGzfpZlCRmL97JIcxZZX6EeA=,LXiS7oiFwJNRPEp0dtNEO3GmE8M=
56,-94,4DuxGzfpZlCRmL97JIcxZZX6EeA=,LXiS7oiFwJNRPEp0dtNEO3GmE8M=
51,-96,4DuxGzfpZlCRmL97JIcxZZX6EeA=,LXiS7oiFwJNRPEp0dtNEO3GmE8M=
55,-96,4DuxGzfpZlCRmL97JIcxZZX6EeA=,LXiS7oiFwJNRPEp0dtNEO3GmE8M=
53,-93,4DuxGzfpZlCRmL97JIcxZZX6EeA=,LXiS7oiFwJNRPEp0dtNEO3GmE8M=
48,-91,4DuxGzfpZlCRmL97JIcxZZX6EeA=,LXiS7oiFwJNRPEp0dtNEO3GmE8M=
50,-91,4DuxGzfpZlCRmL97JIcxZZX6EeA=,LXiS7oiFwJNRPEp0dtNEO3GmE8M=
49,-91,4DuxGzfpZlCRmL97JIcxZZX6EeA=,LXiS7oiFwJNRPEp0dtNEO3GmE8M=
52,-93,4DuxGzfpZlCRmL97JIcxZZX6EeA=,LXiS7oiFwJNRPEp0dtNEO3GmE8M=
51,-91,4DuxGzfpZlCRmL97JIcxZZX6EeA=,LXiS7oiFwJNRPEp0dtNEO3GmE8M=
53,-91,4DuxGzfpZlCRmL97JIcxZZX6EeA=,LXiS7oiFwJNRPEp0dtNEO3GmE8M=
51,-93,4DuxGzfpZlCRmL97JIcxZZX6EeA=,LXiS7oiFwJNRPEp0dtNEO3GmE8M=
52,-91,4DuxGzfpZlCRmL97JIcxZZX6EeA=,LXiS7oiFwJNRPEp0dtNEO3GmE8M=
54,-91,4DuxGzfpZlCRmL97JIcxZZX6EeA=,LXiS7oiFwJNRPEp0dtNEO3GmE8M=
53,-95,4DuxGzfpZlCRmL97JIcxZZX6EeA=,LXiS7oiFwJNRPEp0dtNEO3GmE8M=
55,-91,4DuxGzfpZlCRmL97JIcxZZX6EeA=,LXiS7oiFwJNRPEp0dtNEO3GmE8M=
52,-95,4DuxGzfpZlCRmL97JIcxZZX6EeA=,LXiS7oiFwJNRPEp0dtNEO3GmE8M=
56,-91,4DuxGzfpZlCRmL97JIcxZZX6EeA=,LXiS7oiFwJNRPEp0dtNEO3GmE8M=
50,-93,4DuxGzfpZlCRmL97JIcxZZX6EeA=,LXiS7oiFwJNRPEp0dtNEO3GmE8M=
57,-91,4DuxGzfpZlCRmL97JIcxZZX6EeA=,LXiS7oiFwJNRPEp0dtNEO3GmE8M=
59,-91,4DuxGzfpZlCRmL97JIcxZZX6EeA=,LXiS7oiFwJNRPEp0dtNEO3GmE8M=
49,-96,4DuxGzfpZlCRmL97JIcxZZX6EeA=,LXiS7oiFwJNRPEp0dtNEO3GmE8M=
52,-94,4DuxGzfpZlCRmL97JIcxZZX6EeA=,LXiS7oiFwJNRPEp0dtNEO3GmE8M=
60,-91,4DuxGzfpZlCRmL97JIcxZZX6EeA=,LXiS7oiFwJNRPEp0dtNEO3GmE8M=
58,-91,4DuxGzfpZlCRmL97JIcxZZX6EeA=,LXiS7oiFwJNRPEp0dtNEO3GmE8M=
62,-91,4DuxGzfpZlCRmL97JIcxZZX6EeA=,LXiS7oiFwJNRPEp0dtNEO3GmE8M=
61,-91,4DuxGzfpZlCRmL97JIcxZZX6EeA=,LXiS7oiFwJNRPEp0dtNEO3GmE8M=
56,-95,4DuxGzfpZlCRmL97JIcxZZX6EeA=,LXiS7oiFwJNRPEp0dtNEO3GmE8M=
57,-94,4DuxGzfpZlCRmL97JIcxZZX6EeA=,LXiS7oiFwJNRPEp0dtNEO3GmE8M=
56,-96,4DuxGzfpZlCRmL97JIcxZZX6EeA=,LXiS7oiFwJNRPEp0dtNEO3GmE8M=
63,-91,4DuxGzfpZlCRmL97JIcxZZX6EeA=,LXiS7oiFwJNRPEp0dtNEO3GmE8M=
49,-90,4DuxGzfpZlCRmL97JIcxZZX6EeA=,LXiS7oiFwJNRPEp0dtNEO3GmE8M=
50,-90,4DuxGzfpZlCRmL97JIcxZZX6EeA=,LXiS7oiFwJNRPEp0dtNEO3GmE8M=
48,-90,4DuxGzfpZlCRmL97JIcxZZX6EeA=,LXiS7oiFwJNRPEp0dtNEO3GmE8M=
51,-90,4DuxGzfpZlCRmL97JIcxZZX6EeA=,LXiS7oiFwJNRPEp0dtNEO3GmE8M=
52,-90,4DuxGzfpZlCRmL97JIcxZZX6EeA=,LXiS7oiFwJNRPEp0dtNEO3GmE8M=
53,-90,4DuxGzfpZlCRmL97JIcxZZX6EeA=,LXiS7oiFwJNRPEp0dtNEO3GmE8M=
55,-90,4DuxGzfpZlCRmL97JIcxZZX6EeA=,LXiS7oiFwJNRPEp0dtNEO3GmE8M=
54,-90,4DuxGzfpZlCRmL97JIcxZZX6EeA=,LXiS7oiFwJNRPEp0dtNEO3GmE8M=
56,-90,4DuxGzfpZlCRmL97JIcxZZX6EeA=,LXiS7oiFwJNRPEp0dtNEO3GmE8M=
59,-90,4DuxGzfpZlCRmL97JIcxZZX6EeA=,LXiS7oiFwJNRPEp0dtNEO3GmE8M=
57,-90,4DuxGzfpZlCRmL97JIcxZZX6EeA=,LXiS7oiFwJNRPEp0dtNEO3GmE8M=
58,-90,4DuxGzfpZlCRmL97JIcxZZX6EeA=,LXiS7oiFwJNRPEp0dtNEO3GmE8M=
60,-90,4DuxGzfpZlCRmL97JIcxZZX6EeA=,LXiS7oiFwJNRPEp0dtNEO3GmE8M=
61,-90,4DuxGzfpZlCRmL97JIcxZZX6EeA=,LXiS7oiFwJNRPEp0dtNEO3GmE8M=
62,-90,4DuxGzfpZlCRmL97JIcxZZX6EeA=,LXiS7oiFwJNRPEp0dtNEO3GmE8M=
63,-90,4DuxGzfpZlCRmL97JIcxZZX6EeA=,LXiS7oiFwJNRPEp0dtNEO3GmE8M=
58,-94,4DuxGzfpZlCRmL97JIcxZZX6EeA=,LXiS7oiFwJNRPEp0dtNEO3GmE8M=
57,-96,4DuxGzfpZlCRmL97JIcxZZX6EeA=,LXiS7oiFwJNRPEp0dtNEO3GmE8M=
48,-89,4DuxGzfpZlCRmL97JIcxZZX6EeA=,LXiS7oiFwJNRPEp0dtNEO3GmE8M=
49,-89,4DuxGzfpZlCRmL97JIcxZZX6EeA=,LXiS7oiFwJNRPEp0dtNEO3GmE8M=
57,-95,4DuxGzfpZlCRmL97JIcxZZX6EeA=,LXiS7oiFwJNRPEp0dtNEO3GmE8M=
50,-89,4DuxGzfpZlCRmL97JIcxZZX6EeA=,LXiS7oiFwJNRPEp0dtNEO3GmE8M=
51,-89,4DuxGzfpZlCRmL97JIcxZZX6EeA=,LXiS7oiFwJNRPEp0dtNEO3GmE8M=
52,-89,4DuxGzfpZlCRmL97JIcxZZX6EeA=,LXiS7oiFwJNRPEp0dtNEO3GmE8M=
53,-89,4DuxGzfpZlCRmL97JIcxZZX6EeA=,LXiS7oiFwJNRPEp0dtNEO3GmE8M=
54,-89,4DuxGzfpZlCRmL97JIcxZZX6EeA=,LXiS7oiFwJNRPEp0dtNEO3GmE8M=
55,-89,4DuxGzfpZlCRmL97JIcxZZX6EeA=,LXiS7oiFwJNRPEp0dtNEO3GmE8M=
56,-89,4DuxGzfpZlCRmL97JIcxZZX6EeA=,LXiS7oiFwJNRPEp0dtNEO3GmE8M=
57,-89,4DuxGzfpZlCRmL97JIcxZZX6EeA=,LXiS7oiFwJNRPEp0dtNEO3GmE8M=
58,-89,4DuxGzfpZlCRmL97JIcxZZX6EeA=,LXiS7oiFwJNRPEp0dtNEO3GmE8M=
59,-89,4DuxGzfpZlCRmL97JIcxZZX6EeA=,LXiS7oiFwJNRPEp0dtNEO3GmE8M=
60,-89,4DuxGzfpZlCRmL97JIcxZZX6EeA=,LXiS7oiFwJNRPEp0dtNEO3GmE8M=
61,-89,4DuxGzfpZlCRmL97JIcxZZX6EeA=,LXiS7oiFwJNRPEp0dtNEO3GmE8M=
62,-89,4DuxGzfpZlCRmL97JIcxZZX6EeA=,LXiS7oiFwJNRPEp0dtNEO3GmE8M=
63,-89,4DuxGzfpZlCRmL97JIcxZZX6EeA=,LXiS7oiFwJNRPEp0dtNEO3GmE8M=
48,-96,4DuxGzfpZlCRmL97JIcxZZX6EeA=,LXiS7oiFwJNRPEp0dtNEO3GmE8M=
58,-95,4DuxGzfpZlCRmL97JIcxZZX6EeA=,LXiS7oiFwJNRPEp0dtNEO3GmE8M=
59,-94,4DuxGzfpZlCRmL97JIcxZZX6EeA=,LXiS7oiFwJNRPEp0dtNEO3GmE8M=
58,-96,4DuxGzfpZlCRmL97JIcxZZX6EeA=,LXiS7oiFwJNRPEp0dtNEO3GmE8M=
48,-88,4DuxGzfpZlCRmL97JIcxZZX6EeA=,LXiS7oiFwJNRPEp0dtNEO3GmE8M=
49,-88,4DuxGzfpZlCRmL97JIcxZZX6EeA=,LXiS7oiFwJNRPEp0dtNEO3GmE8M=
50,-88,4DuxGzfpZlCRmL97JIcxZZX6EeA=,LXiS7oiFwJNRPEp0dtNEO3GmE8M=
51,-88,4DuxGzfpZlCRmL97JIcxZZX6EeA=,LXiS7oiFwJNRPEp0dtNEO3GmE8M=
52,-88,4DuxGzfpZlCRmL97JIcxZZX6EeA=,LXiS7oiFwJNRPEp0dtNEO3GmE8M=
53,-88,4DuxGzfpZlCRmL97JIcxZZX6EeA=,LXiS7oiFwJNRPEp0dtNEO3GmE8M=
54,-88,4DuxGzfpZlCRmL97JIcxZZX6EeA=,LXiS7oiFwJNRPEp0dtNEO3GmE8M=
55,-88,4DuxGzfpZlCRmL97JIcxZZX6EeA=,LXiS7oiFwJNRPEp0dtNEO3GmE8M=
56,-88,4DuxGzfpZlCRmL97JIcxZZX6EeA=,LXiS7oiFwJNRPEp0dtNEO3GmE8M=
57,-88,4DuxGzfpZlCRmL97JIcxZZX6EeA=,LXiS7oiFwJNRPEp0dtNEO3GmE8M=
58,-88,4DuxGzfpZlCRmL97JIcxZZX6EeA=,LXiS7oiFwJNRPEp0dtNEO3GmE8M=
59,-88,4DuxGzfpZlCRmL97JIcxZZX6EeA=,LXiS7oiFwJNRPEp0dtNEO3GmE8M=
60,-88,4DuxGzfpZlCRmL97JIcxZZX6EeA=,LXiS7oiFwJNRPEp0dtNEO3GmE8M=
61,-88,4DuxGzfpZlCRmL97JIcxZZX6EeA=,LXiS7oiFwJNRPEp0dtNEO3GmE8M=
62,-88,4DuxGzfpZlCRmL97JIcxZZX6EeA=,LXiS7oiFwJNRPEp0dtNEO3GmE8M=
59,-95,4DuxGzfpZlCRmL97JIcxZZX6EeA=,LXiS7oiFwJNRPEp0dtNEO3GmE8M=
63,-88,4DuxGzfpZlCRmL97JIcxZZX6EeA=,LXiS7oiFwJNRPEp0dtNEO3GmE8M=
59,-96,4DuxGzfpZlCRmL97JIcxZZX6EeA=,LXiS7oiFwJNRPEp0dtNEO3GmE8M=
60,-94,4DuxGzfpZlCRmL97JIcxZZX6EeA=,LXiS7oiFwJNRPEp0dtNEO3GmE8M=
48,-87,4DuxGzfpZlCRmL97JIcxZZX6EeA=,LXiS7oiFwJNRPEp0dtNEO3GmE8M=
49,-87,4DuxGzfpZlCRmL97JIcxZZX6EeA=,LXiS7oiFwJNRPEp0dtNEO3GmE8M=
50,-87,4DuxGzfpZlCRmL97JIcxZZX6EeA=,LXiS7oiFwJNRPEp0dtNEO3GmE8M=
51,-87,4DuxGzfpZlCRmL97JIcxZZX6EeA=,LXiS7oiFwJNRPEp0dtNEO3GmE8M=
52,-87,4DuxGzfpZlCRmL97JIcxZZX6EeA=,LXiS7oiFwJNRPEp0dtNEO3GmE8M=
53,-87,4DuxGzfpZlCRmL97JIcxZZX6EeA=,LXiS7oiFwJNRPEp0dtNEO3GmE8M=
54,-87,4DuxGzfpZlCRmL97JIcxZZX6EeA=,LXiS7oiFwJNRPEp0dtNEO3GmE8M=
55,-87,4DuxGzfpZlCRmL97JIcxZZX6EeA=,LXiS7oiFwJNRPEp0dtNEO3GmE8M=
56,-87,4DuxGzfpZlCRmL97JIcxZZX6EeA=,LXiS7oiFwJNRPEp0dtNEO3GmE8M=
57,-87,4DuxGzfpZlCRmL97JIcxZZX6EeA=,LXiS7oiFwJNRPEp0dtNEO3GmE8M=
58,-87,4DuxGzfpZlCRmL97JIcxZZX6EeA=,LXiS7oiFwJNRPEp0dtNEO3GmE8M=
59,-87,4DuxGzfpZlCRmL97JIcxZZX6EeA=,LXiS7oiFwJNRPEp0dtNEO3GmE8M=
60,-87,4DuxGzfpZlCRmL97JIcxZZX6EeA=,LXiS7oiFwJNRPEp0dtNEO3GmE8M=
61,-87,4DuxGzfpZlCRmL97JIcxZZX6EeA=,LXiS7oiFwJNRPEp0dtNEO3GmE8M=
62,-87,4DuxGzfpZlCRmL97JIcxZZX6EeA=,LXiS7oiFwJNRPEp0dtNEO3GmE8M=
60,-95,4DuxGzfpZlCRmL97JIcxZZX6EeA=,LXiS7oiFwJNRPEp0dtNEO3GmE8M=
63,-87,4DuxGzfpZlCRmL97JIcxZZX6EeA=,LXiS7oiFwJNRPEp0dtNEO3GmE8M=
60,-96,4DuxGzfpZlCRmL97JIcxZZX6EeA=,LXiS7oiFwJNRPEp0dtNEO3GmE8M=
48,-86,4DuxGzfpZlCRmL97JIcxZZX6EeA=,LXiS7oiFwJNRPEp0dtNEO3GmE8M=
61,-94,4DuxGzfpZlCRmL97JIcxZZX6EeA=,LXiS7oiFwJNRPEp0dtNEO3GmE8M=
49,-86,4DuxGzfpZlCRmL97JIcxZZX6EeA=,LXiS7oiFwJNRPEp0dtNEO3GmE8M=
50,-86,4DuxGzfpZlCRmL97JIcxZZX6EeA=,LXiS7oiFwJNRPEp0dtNEO3GmE8M=
51,-86,4DuxGzfpZlCRmL97JIcxZZX6EeA=,LXiS7oiFwJNRPEp0dtNEO3GmE8M=
52,-86,4DuxGzfpZlCRmL97JIcxZZX6EeA=,LXiS7oiFwJNRPEp0dtNEO3GmE8M=
53,-86,4DuxGzfpZlCRmL97JIcxZZX6EeA=,LXiS7oiFwJNRPEp0dtNEO3GmE8M=
54,-86,4DuxGzfpZlCRmL97JIcxZZX6EeA=,LXiS7oiFwJNRPEp0dtNEO3GmE8M=
55,-86,4DuxGzfpZlCRmL97JIcxZZX6EeA=,LXiS7oiFwJNRPEp0dtNEO3GmE8M=
56,-86,4DuxGzfpZlCRmL97JIcxZZX6EeA=,LXiS7oiFwJNRPEp0dtNEO3GmE8M=
57,-86,4DuxGzfpZlCRmL97JIcxZZX6EeA=,LXiS7oiFwJNRPEp0dtNEO3GmE8M=
51,-81,4DuxGzfpZlCRmL97JIcxZZX6EeA=,LXiS7oiFwJNRPEp0dtNEO3GmE8M=
50,-81,4DuxGzfpZlCRmL97JIcxZZX6EeA=,LXiS7oiFwJNRPEp0dtNEO3GmE8M=
49,-81,4DuxGzfpZlCRmL97JIcxZZX6EeA=,LXiS7oiFwJNRPEp0dtNEO3GmE8M=
48,-81,4DuxGzfpZlCRmL97JIcxZZX6EeA=,LXiS7oiFwJNRPEp0dtNEO3GmE8M=
52,-96,4DuxGzfpZlCRmL97JIcxZZX6EeA=,LXiS7oiFwJNRPEp0dtNEO3GmE8M=
49,-93,4DuxGzfpZlCRmL97JIcxZZX6EeA=,LXiS7oiFwJNRPEp0dtNEO3GmE8M=
51,-94,4DuxGzfpZlCRmL97JIcxZZX6EeA=,LXiS7oiFwJNRPEp0dtNEO3GmE8M=
52,-82,4DuxGzfpZlCRmL97JIcxZZX6EeA=,LXiS7oiFwJNRPEp0dtNEO3GmE8M=
51,-82,4DuxGzfpZlCRmL97JIcxZZX6EeA=,LXiS7oiFwJNRPEp0dtNEO3GmE8M=
50,-82,4DuxGzfpZlCRmL97JIcxZZX6EeA=,LXiS7oiFwJNRPEp0dtNEO3GmE8M=
49,-82,4DuxGzfpZlCRmL97JIcxZZX6EeA=,LXiS7oiFwJNRPEp0dtNEO3GmE8M=
48,-82,4DuxGzfpZlCRmL97JIcxZZX6EeA=,LXiS7oiFwJNRPEp0dtNEO3GmE8M=
51,-95,4DuxGzfpZlCRmL97JIcxZZX6EeA=,LXiS7oiFwJNRPEp0dtNEO3GmE8M=
63,-83,4DuxGzfpZlCRmL97JIcxZZX6EeA=,LXiS7oiFwJNRPEp0dtNEO3GmE8M=
50,-94,4DuxGzfpZlCRmL97JIcxZZX6EeA=,LXiS7oiFwJNRPEp0dtNEO3GmE8M=
52,-81,4DuxGzfpZlCRmL97JIcxZZX6EeA=,LXiS7oiFwJNRPEp0dtNEO3GmE8M=
58,-86,4DuxGzfpZlCRmL97JIcxZZX6EeA=,LXiS7oiFwJNRPEp0dtNEO3GmE8M=
55,-81,4DuxGzfpZlCRmL97JIcxZZX6EeA=,LXiS7oiFwJNRPEp0dtNEO3GmE8M=
56,-82,4DuxGzfpZlCRmL97JIcxZZX6EeA=,LXiS7oiFwJNRPEp0dtNEO3GmE8M=
57,-82,4DuxGzfpZlCRmL97JIcxZZX6EeA=,LXiS7oiFwJNRPEp0dtNEO3GmE8M=
52,-83,4DuxGzfpZlCRmL97JIcxZZX6EeA=,LXiS7oiFwJNRPEp0dtNEO3GmE8M=
51,-83,4DuxGzfpZlCRmL97JIcxZZX6EeA=,LXiS7oiFwJNRPEp0dtNEO3GmE8M=
50,-83,4DuxGzfpZlCRmL97JIcxZZX6EeA=,LXiS7oiFwJNRPEp0dtNEO3GmE8M=
49,-83,4DuxGzfpZlCRmL97JIcxZZX6EeA=,LXiS7oiFwJNRPEp0dtNEO3GmE8M=
48,-83,4DuxGzfpZlCRmL97JIcxZZX6EeA=,LXiS7oiFwJNRPEp0dtNEO3GmE8M=
50,-95,4DuxGzfpZlCRmL97JIcxZZX6EeA=,LXiS7oiFwJNRPEp0dtNEO3GmE8M=
63,-84,4DuxGzfpZlCRmL97JIcxZZX6EeA=,LXiS7oiFwJNRPEp0dtNEO3GmE8M=
49,-94,4DuxGzfpZlCRmL97JIcxZZX6EeA=,LXiS7oiFwJNRPEp0dtNEO3GmE8M=
62,-81,4DuxGzfpZlCRmL97JIcxZZX6EeA=,LXiS7oiFwJNRPEp0dtNEO3GmE8M=
59,-86,4DuxGzfpZlCRmL97JIcxZZX6EeA=,LXiS7oiFwJNRPEp0dtNEO3GmE8M=
60,-86,4DuxGzfpZlCRmL97JIcxZZX6EeA=,LXiS7oiFwJNRPEp0dtNEO3GmE8M=
62,-86,4DuxGzfpZlCRmL97JIcxZZX6EeA=,LXiS7oiFwJNRPEp0dtNEO3GmE8M=
61,-86,4DuxGzfpZlCRmL97JIcxZZX6EeA=,LXiS7oiFwJNRPEp0dtNEO3GmE8M=
63,-86,4DuxGzfpZlCRmL97JIcxZZX6EeA=,LXiS7oiFwJNRPEp0dtNEO3GmE8M=
61,-95,4DuxGzfpZlCRmL97JIcxZZX6EeA=,LXiS7oiFwJNRPEp0dtNEO3GmE8M=
62,-94,4DuxGzfpZlCRmL97JIcxZZX6EeA=,LXiS7oiFwJNRPEp0dtNEO3GmE8M=
61,-96,4DuxGzfpZlCRmL97JIcxZZX6EeA=,LXiS7oiFwJNRPEp0dtNEO3GmE8M=
49,-85,4DuxGzfpZlCRmL97JIcxZZX6EeA=,LXiS7oiFwJNRPEp0dtNEO3GmE8M=
48,-85,4DuxGzfpZlCRmL97JIcxZZX6EeA=,LXiS7oiFwJNRPEp0dtNEO3GmE8M=
50,-85,4DuxGzfpZlCRmL97JIcxZZX6EeA=,LXiS7oiFwJNRPEp0dtNEO3GmE8M=
51,-85,4DuxGzfpZlCRmL97JIcxZZX6EeA=,LXiS7oiFwJNRPEp0dtNEO3GmE8M=
52,-85,4DuxGzfpZlCRmL97JIcxZZX6EeA=,LXiS7oiFwJNRPEp0dtNEO3GmE8M=
53,-85,4DuxGzfpZlCRmL97JIcxZZX6EeA=,LXiS7oiFwJNRPEp0dtNEO3GmE8M=
54,-85,4DuxGzfpZlCRmL97JIcxZZX6EeA=,LXiS7oiFwJNRPEp0dtNEO3GmE8M=
62,-82,4DuxGzfpZlCRmL97JIcxZZX6EeA=,LXiS7oiFwJNRPEp0dtNEO3GmE8M=
56,-81,4DuxGzfpZlCRmL97JIcxZZX6EeA=,LXiS7oiFwJNRPEp0dtNEO3GmE8M=
63,-81,4DuxGzfpZlCRmL97JIcxZZX6EeA=,LXiS7oiFwJNRPEp0dtNEO3GmE8M=
60,-82,4DuxGzfpZlCRmL97JIcxZZX6EeA=,LXiS7oiFwJNRPEp0dtNEO3GmE8M=
58,-82,4DuxGzfpZlCRmL97JIcxZZX6EeA=,LXiS7oiFwJNRPEp0dtNEO3GmE8M=
57,-81,4DuxGzfpZlCRmL97JIcxZZX6EeA=,LXiS7oiFwJNRPEp0dtNEO3GmE8M=
53,-84,4DuxGzfpZlCRmL97JIcxZZX6EeA=,LXiS7oiFwJNRPEp0dtNEO3GmE8M=
52,-84,4DuxGzfpZlCRmL97JIcxZZX6EeA=,LXiS7oiFwJNRPEp0dtNEO3GmE8M=
51,-84,4DuxGzfpZlCRmL97JIcxZZX6EeA=,LXiS7oiFwJNRPEp0dtNEO3GmE8M=
50,-84,4DuxGzfpZlCRmL97JIcxZZX6EeA=,LXiS7oiFwJNRPEp0dtNEO3GmE8M=
49,-84,4DuxGzfpZlCRmL97JIcxZZX6EeA=,LXiS7oiFwJNRPEp0dtNEO3GmE8M=
49,-95,4DuxGzfpZlCRmL97JIcxZZX6EeA=,LXiS7oiFwJNRPEp0dtNEO3GmE8M=
48,-84,4DuxGzfpZlCRmL97JIcxZZX6EeA=,LXiS7oiFwJNRPEp0dtNEO3GmE8M=
48,-95,4DuxGzfpZlCRmL97JIcxZZX6EeA=,LXiS7oiFwJNRPEp0dtNEO3GmE8M=
48,-93,4DuxGzfpZlCRmL97JIcxZZX6EeA=,LXiS7oiFwJNRPEp0dtNEO3GmE8M=
63,-96,4DuxGzfpZlCRmL97JIcxZZX6EeA=,LXiS7oiFwJNRPEp0dtNEO3GmE8M=
50,-96,4DuxGzfpZlCRmL97JIcxZZX6EeA=,LXiS7oiFwJNRPEp0dtNEO3GmE8M=
62,-96,4DuxGzfpZlCRmL97JIcxZZX6EeA=,LXiS7oiFwJNRPEp0dtNEO3GmE8M=
48,-94,4DuxGzfpZlCRmL97JIcxZZX6EeA=,LXiS7oiFwJNRPEp0dtNEO3GmE8M=
63,-94,4DuxGzfpZlCRmL97JIcxZZX6EeA=,LXiS7oiFwJNRPEp0dtNEO3GmE8M=
63,-95,4DuxGzfpZlCRmL97JIcxZZX6EeA=,LXiS7oiFwJNRPEp0dtNEO3GmE8M=
63,-85,4DuxGzfpZlCRmL97JIcxZZX6EeA=,LXiS7oiFwJNRPEp0dtNEO3GmE8M=
62,-95,4DuxGzfpZlCRmL97JIcxZZX6EeA=,LXiS7oiFwJNRPEp0dtNEO3GmE8M=
62,-85,4DuxGzfpZlCRmL97JIcxZZX6EeA=,LXiS7oiFwJNRPEp0dtNEO3GmE8M=
55,-82,4DuxGzfpZlCRmL97JIcxZZX6EeA=,LXiS7oiFwJNRPEp0dtNEO3GmE8M=
59,-81,4DuxGzfpZlCRmL97JIcxZZX6EeA=,LXiS7oiFwJNRPEp0dtNEO3GmE8M=
53,-83,4DuxGzfpZlCRmL97JIcxZZX6EeA=,LXiS7oiFwJNRPEp0dtNEO3GmE8M=
62,-84,4DuxGzfpZlCRmL97JIcxZZX6EeA=,LXiS7oiFwJNRPEp0dtNEO3GmE8M=
60,-83,4DuxGzfpZlCRmL97JIcxZZX6EeA=,LXiS7oiFwJNRPEp0dtNEO3GmE8M=
59,-82,4DuxGzfpZlCRmL97JIcxZZX6EeA=,LXiS7oiFwJNRPEp0dtNEO3GmE8M=
56,-83,4DuxGzfpZlCRmL97JIcxZZX6EeA=,LXiS7oiFwJNRPEp0dtNEO3GmE8M=
57,-83,4DuxGzfpZlCRmL97JIcxZZX6EeA=,LXiS7oiFwJNRPEp0dtNEO3GmE8M=
55,-85,4DuxGzfpZlCRmL97JIcxZZX6EeA=,LXiS7oiFwJNRPEp0dtNEO3GmE8M=
59,-83,4DuxGzfpZlCRmL97JIcxZZX6EeA=,LXiS7oiFwJNRPEp0dtNEO3GmE8M=
63,-82,4DuxGzfpZlCRmL97JIcxZZX6EeA=,LXiS7oiFwJNRPEp0dtNEO3GmE8M=
60,-81,4DuxGzfpZlCRmL97JIcxZZX6EeA=,LXiS7oiFwJNRPEp0dtNEO3GmE8M=
55,-83,4DuxGzfpZlCRmL97JIcxZZX6EeA=,LXiS7oiFwJNRPEp0dtNEO3GmE8M=
53,-82,4DuxGzfpZlCRmL97JIcxZZX6EeA=,LXiS7oiFwJNRPEp0dtNEO3GmE8M=
58,-81,4DuxGzfpZlCRmL97JIcxZZX6EeA=,LXiS7oiFwJNRPEp0dtNEO3GmE8M=
61,-81,4DuxGzfpZlCRmL97JIcxZZX6EeA=,LXiS7oiFwJNRPEp0dtNEO3GmE8M=
54,-81,4DuxGzfpZlCRmL97JIcxZZX6EeA=,LXiS7oiFwJNRPEp0dtNEO3GmE8M=
56,-84,4DuxGzfpZlCRmL97JIcxZZX6EeA=,LXiS7oiFwJNRPEp0dtNEO3GmE8M=
58,-83,4DuxGzfpZlCRmL97JIcxZZX6EeA=,LXiS7oiFwJNRPEp0dtNEO3GmE8M=
54,-84,4DuxGzfpZlCRmL97JIcxZZX6EeA=,LXiS7oiFwJNRPEp0dtNEO3GmE8M=
53,-81,4DuxGzfpZlCRmL97JIcxZZX6EeA=,LXiS7oiFwJNRPEp0dtNEO3GmE8M=
54,-82,4DuxGzfpZlCRmL97JIcxZZX6EeA=,LXiS7oiFwJNRPEp0dtNEO3GmE8M=
61,-82,4DuxGzfpZlCRmL97JIcxZZX6EeA=,LXiS7oiFwJNRPEp0dtNEO3GmE8M=
57,-84,4DuxGzfpZlCRmL97JIcxZZX6EeA=,LXiS7oiFwJNRPEp0dtNEO3GmE8M=
56,-85,4DuxGzfpZlCRmL97JIcxZZX6EeA=,LXiS7oiFwJNRPEp0dtNEO3GmE8M=
58,-84,4DuxGzfpZlCRmL97JIcxZZX6EeA=,LXiS7oiFwJNRPEp0dtNEO3GmE8M=
54,-83,4DuxGzfpZlCRmL97JIcxZZX6EeA=,LXiS7oiFwJNRPEp0dtNEO3GmE8M=
57,-85,4DuxGzfpZlCRmL97JIcxZZX6EeA=,LXiS7oiFwJNRPEp0dtNEO3GmE8M=
61,-84,4DuxGzfpZlCRmL97JIcxZZX6EeA=,LXiS7oiFwJNRPEp0dtNEO3GmE8M=
62,-83,4DuxGzfpZlCRmL97JIcxZZX6EeA=,LXiS7oiFwJNRPEp0dtNEO3GmE8M=
60,-84,4DuxGzfpZlCRmL97JIcxZZX6EeA=,LXiS7oiFwJNRPEp0dtNEO3GmE8M=
59,-84,4DuxGzfpZlCRmL97JIcxZZX6EeA=,LXiS7oiFwJNRPEp0dtNEO3GmE8M=
61,-83,4DuxGzfpZlCRmL97JIcxZZX6EeA=,LXiS7oiFwJNRPEp0dtNEO3GmE8M=
55,-84,4DuxGzfpZlCRmL97JIcxZZX6EeA=,LXiS7oiFwJNRPEp0dtNEO3GmE8M=
58,-85,4DuxGzfpZlCRmL97JIcxZZX6EeA=,LXiS7oiFwJNRPEp0dtNEO3GmE8M=
61,-85,4DuxGzfpZlCRmL97JIcxZZX6EeA=,LXiS7oiFwJNRPEp0dtNEO3GmE8M=
59,-85,4DuxGzfpZlCRmL97JIcxZZX6EeA=,LXiS7oiFwJNRPEp0dtNEO3GmE8M=
60,-85,4DuxGzfpZlCRmL97JIcxZZX6EeA=,LXiS7oiFwJNRPEp0dtNEO3GmE8M=
37,-96,I9Miju3Eq3q10+lH3JexIsTRhVs=,LXiS7oiFwJNRPEp0dtNEO3GmE8M=
39,-93,I9Miju3Eq3q10+lH3JexIsTRhVs=,LXiS7oiFwJNRPEp0dtNEO3GmE8M=
38,-94,I9Miju3Eq3q10+lH3JexIsTRhVs=,LXiS7oiFwJNRPEp0dtNEO3GmE8M=
38,-93,I9Miju3Eq3q10+lH3JexIsTRhVs=,LXiS7oiFwJNRPEp0dtNEO3GmE8M=
37,-93,I9Miju3Eq3q10+lH3JexIsTRhVs=,LXiS7oiFwJNRPEp0dtNEO3GmE8M=
35,-96,I9Miju3Eq3q10+lH3JexIsTRhVs=,LXiS7oiFwJNRPEp0dtNEO3GmE8M=
37,-94,I9Miju3Eq3q10+lH3JexIsTRhVs=,LXiS7oiFwJNRPEp0dtNEO3GmE8M=
36,-93,I9Miju3Eq3q10+lH3JexIsTRhVs=,LXiS7oiFwJNRPEp0dtNEO3GmE8M=
35,-93,I9Miju3Eq3q10+lH3JexIsTRhVs=,LXiS7oiFwJNRPEp0dtNEO3GmE8M=
37,-95,I9Miju3Eq3q10+lH3JexIsTRhVs=,LXiS7oiFwJNRPEp0dtNEO3GmE8M=
36,-95,I9Miju3Eq3q10+lH3JexIsTRhVs=,LXiS7oiFwJNRPEp0dtNEO3GmE8M=
34,-93,I9Miju3Eq3q10+lH3JexIsTRhVs=,LXiS7oiFwJNRPEp0dtNEO3GmE8M=
33,-96,I9Miju3Eq3q10+lH3JexIsTRhVs=,LXiS7oiFwJNRPEp0dtNEO3GmE8M=
36,-94,I9Miju3Eq3q10+lH3JexIsTRhVs=,LXiS7oiFwJNRPEp0dtNEO3GmE8M=
47,-81,I9Miju3Eq3q10+lH3JexIsTRhVs=,LXiS7oiFwJNRPEp0dtNEO3GmE8M=
46,-81,I9Miju3Eq3q10+lH3JexIsTRhVs=,LXiS7oiFwJNRPEp0dtNEO3GmE8M=
45,-81,I9Miju3Eq3q10+lH3JexIsTRhVs=,LXiS7oiFwJNRPEp0dtNEO3GmE8M=
44,-81,I9Miju3Eq3q10+lH3JexIsTRhVs=,LXiS7oiFwJNRPEp0dtNEO3GmE8M=
43,-81,I9Miju3Eq3q10+lH3JexIsTRhVs=,LXiS7oiFwJNRPEp0dtNEO3GmE8M=
40,-81,I9Miju3Eq3q10+lH3JexIsTRhVs=,LXiS7oiFwJNRPEp0dtNEO3GmE8M=
39,-81,I9Miju3Eq3q10+lH3JexIsTRhVs=,LXiS7oiFwJNRPEp0dtNEO3GmE8M=
42,-81,I9Miju3Eq3q10+lH3JexIsTRhVs=,LXiS7oiFwJNRPEp0dtNEO3GmE8M=
37,-81,I9Miju3Eq3q10+lH3JexIsTRhVs=,LXiS7oiFwJNRPEp0dtNEO3GmE8M=
41,-81,I9Miju3Eq3q10+lH3JexIsTRhVs=,LXiS7oiFwJNRPEp0dtNEO3GmE8M=
36,-81,I9Miju3Eq3q10+lH3JexIsTRhVs=,LXiS7oiFwJNRPEp0dtNEO3GmE8M=
35,-81,I9Miju3Eq3q10+lH3JexIsTRhVs=,LXiS7oiFwJNRPEp0dtNEO3GmE8M=
38,-81,I9Miju3Eq3q10+lH3JexIsTRhVs=,LXiS7oiFwJNRPEp0dtNEO3GmE8M=
34,-81,I9Miju3Eq3q10+lH3JexIsTRhVs=,LXiS7oiFwJNRPEp0dtNEO3GmE8M=
33,-81,I9Miju3Eq3q10+lH3JexIsTRhVs=,LXiS7oiFwJNRPEp0dtNEO3GmE8M=
36,-96,I9Miju3Eq3q10+lH3JexIsTRhVs=,LXiS7oiFwJNRPEp0dtNEO3GmE8M=
33,-93,I9Miju3Eq3q10+lH3JexIsTRhVs=,LXiS7oiFwJNRPEp0dtNEO3GmE8M=
32,-81,I9Miju3Eq3q10+lH3JexIsTRhVs=,LXiS7oiFwJNRPEp0dtNEO3GmE8M=
47,-82,I9Miju3Eq3q10+lH3JexIsTRhVs=,LXiS7oiFwJNRPEp0dtNEO3GmE8M=
46,-82,I9Miju3Eq3q10+lH3JexIsTRhVs=,LXiS7oiFwJNRPEp0dtNEO3GmE8M=
35,-94,I9Miju3Eq3q10+lH3JexIsTRhVs=,LXiS7oiFwJNRPEp0dtNEO3GmE8M=
45,-82,I9Miju3Eq3q10+lH3JexIsTRhVs=,LXiS7oiFwJNRPEp0dtNEO3GmE8M=
43,-82,I9Miju3Eq3q10+lH3JexIsTRhVs=,LXiS7oiFwJNRPEp0dtNEO3GmE8M=
44,-82,I9Miju3Eq3q10+lH3JexIsTRhVs=,LXiS7oiFwJNRPEp0dtNEO3GmE8M=
42,-82,I9Miju3Eq3q10+lH3JexIsTRhVs=,LXiS7oiFwJNRPEp0dtNEO3GmE8M=
41,-82,I9Miju3Eq3q10+lH3JexIsTRhVs=,LXiS7oiFwJNRPEp0dtNEO3GmE8M=
40,-82,I9Miju3Eq3q10+lH3JexIsTRhVs=,LXiS7oiFwJNRPEp0dtNEO3GmE8M=
39,-82,I9Miju3Eq3q10+lH3JexIsTRhVs=,LXiS7oiFwJNRPEp0dtNEO3GmE8M=
37,-82,I9Miju3Eq3q10+lH3JexIsTRhVs=,LXiS7oiFwJNRPEp0dtNEO3GmE8M=
38,-82,I9Miju3Eq3q10+lH3JexIsTRhVs=,LXiS7oiFwJNRPEp0dtNEO3GmE8M=
34,-82,I9Miju3Eq3q10+lH3JexIsTRhVs=,LXiS7oiFwJNRPEp0dtNEO3GmE8M=
35,-82,I9Miju3Eq3q10+lH3JexIsTRhVs=,LXiS7oiFwJNRPEp0dtNEO3GmE8M=
33,-82,I9Miju3Eq3q10+lH3JexIsTRhVs=,LXiS7oiFwJNRPEp0dtNEO3GmE8M=
32,-82,I9Miju3Eq3q10+lH3JexIsTRhVs=,LXiS7oiFwJNRPEp0dtNEO3GmE8M=
35,-95,I9Miju3Eq3q10+lH3JexIsTRhVs=,LXiS7oiFwJNRPEp0dtNEO3GmE8M=
36,-82,I9Miju3Eq3q10+lH3JexIsTRhVs=,LXiS7oiFwJNRPEp0dtNEO3GmE8M=
34,-94,I9Miju3Eq3q10+lH3JexIsTRhVs=,LXiS7oiFwJNRPEp0dtNEO3GmE8M=
46,-83,I9Miju3Eq3q10+lH3JexIsTRhVs=,LXiS7oiFwJNRPEp0dtNEO3GmE8M=
45,-83,I9Miju3Eq3q10+lH3JexIsTRhVs=,LXiS7oiFwJNRPEp0dtNEO3GmE8M=
47,-83,I9Miju3Eq3q10+lH3JexIsTRhVs=,LXiS7oiFwJNRPEp0dtNEO3GmE8M=
43,-83,I9Miju3Eq3q10+lH3JexIsTRhVs=,LXiS7oiFwJNRPEp0dtNEO3GmE8M=
44,-83,I9Miju3Eq3q10+lH3JexIsTRhVs=,LXiS7oiFwJNRPEp0dtNEO3GmE8M=
40,-83,I9Miju3Eq3q10+lH3JexIsTRhVs=,LXiS7oiFwJNRPEp0dtNEO3GmE8M=
39,-83,I9Miju3Eq3q10+lH3JexIsTRhVs=,LXiS7oiFwJNRPEp0dtNEO3GmE8M=
42,-83,I9Miju3Eq3q10+lH3JexIsTRhVs=,LXiS7oiFwJNRPEp0dtNEO3GmE8M=
38,-83,I9Miju3Eq3q10+lH3JexIsTRhVs=,LXiS7oiFwJNRPEp0dtNEO3GmE8M=
36,-83,I9Miju3Eq3q10+lH3JexIsTRhVs=,LXiS7oiFwJNRPEp0dtNEO3GmE8M=
34,-83,I9Miju3Eq3q10+lH3JexIsTRhVs=,LXiS7oiFwJNRPEp0dtNEO3GmE8M=
35,-83,I9Miju3Eq3q10+lH3JexIsTRhVs=,LXiS7oiFwJNRPEp0dtNEO3GmE8M=
41,-83,I9Miju3Eq3q10+lH3JexIsTRhVs=,LXiS7oiFwJNRPEp0dtNEO3GmE8M=
33,-83,I9Miju3Eq3q10+lH3JexIsTRhVs=,LXiS7oiFwJNRPEp0dtNEO3GmE8M=
37,-83,I9Miju3Eq3q10+lH3JexIsTRhVs=,LXiS7oiFwJNRPEp0dtNEO3GmE8M=
47,-84,I9Miju3Eq3q10+lH3JexIsTRhVs=,LXiS7oiFwJNRPEp0dtNEO3GmE8M=
32,-83,I9Miju3Eq3q10+lH3JexIsTRhVs=,LXiS7oiFwJNRPEp0dtNEO3GmE8M=
46,-84,I9Miju3Eq3q10+lH3JexIsTRhVs=,LXiS7oiFwJNRPEp0dtNEO3GmE8M=
44,-84,I9Miju3Eq3q10+lH3JexIsTRhVs=,LXiS7oiFwJNRPEp0dtNEO3GmE8M=
45,-84,I9Miju3Eq3q10+lH3JexIsTRhVs=,LXiS7oiFwJNRPEp0dtNEO3GmE8M=
43,-84,I9Miju3Eq3q10+lH3JexIsTRhVs=,LXiS7oiFwJNRPEp0dtNEO3GmE8M=
41,-84,I9Miju3Eq3q10+lH3JexIsTRhVs=,LXiS7oiFwJNRPEp0dtNEO3GmE8M=
33,-94,I9Miju3Eq3q10+lH3JexIsTRhVs=,LXiS7oiFwJNRPEp0dtNEO3GmE8M=
39,-84,I9Miju3Eq3q10+lH3JexIsTRhVs=,LXiS7oiFwJNRPEp0dtNEO3GmE8M=
38,-84,I9Miju3Eq3q10+lH3JexIsTRhVs=,LXiS7oiFwJNRPEp0dtNEO3GmE8M=
34,-95,I9Miju3Eq3q10+lH3JexIsTRhVs=,LXiS7oiFwJNRPEp0dtNEO3GmE8M=
37,-84,I9Miju3Eq3q10+lH3JexIsTRhVs=,LXiS7oiFwJNRPEp0dtNEO3GmE8M=
42,-84,I9Miju3Eq3q10+lH3JexIsTRhVs=,LXiS7oiFwJNRPEp0dtNEO3GmE8M=
36,-84,I9Miju3Eq3q10+lH3JexIsTRhVs=,LXiS7oiFwJNRPEp0dtNEO3GmE8M=
40,-84,I9Miju3Eq3q10+lH3JexIsTRhVs=,LXiS7oiFwJNRPEp0dtNEO3GmE8M=
33,-84,I9Miju3Eq3q10+lH3JexIsTRhVs=,LXiS7oiFwJNRPEp0dtNEO3GmE8M=
35,-84,I9Miju3Eq3q10+lH3JexIsTRhVs=,LXiS7oiFwJNRPEp0dtNEO3GmE8M=
33,-95,I9Miju3Eq3q10+lH3JexIsTRhVs=,LXiS7oiFwJNRPEp0dtNEO3GmE8M=
32,-95,I9Miju3Eq3q10+lH3JexIsTRhVs=,LXiS7oiFwJNRPEp0dtNEO3GmE8M=
32,-84,I9Miju3Eq3q10+lH3JexIsTRhVs=,LXiS7oiFwJNRPEp0dtNEO3GmE8M=
32,-93,I9Miju3Eq3q10+lH3JexIsTRhVs=,LXiS7oiFwJNRPEp0dtNEO3GmE8M=
47,-96,I9Miju3Eq3q10+lH3JexIsTRhVs=,LXiS7oiFwJNRPEp0dtNEO3GmE8M=
46,-96,I9Miju3Eq3q10+lH3JexIsTRhVs=,LXiS7oiFwJNRPEp0dtNEO3GmE8M=
34,-96,I9Miju3Eq3q10+lH3JexIsTRhVs=,LXiS7oiFwJNRPEp0dtNEO3GmE8M=
47,-95,I9Miju3Eq3q10+lH3JexIsTRhVs=,LXiS7oiFwJNRPEp0dtNEO3GmE8M=
34,-84,I9Miju3Eq3q10+lH3JexIsTRhVs=,LXiS7oiFwJNRPEp0dtNEO3GmE8M=
32,-94,I9Miju3Eq3q10+lH3JexIsTRhVs=,LXiS7oiFwJNRPEp0dtNEO3GmE8M=
47,-85,I9Miju3Eq3q10+lH3JexIsTRhVs=,LXiS7oiFwJNRPEp0dtNEO3GmE8M=
47,-94,I9Miju3Eq3q10+lH3JexIsTRhVs=,LXiS7oiFwJNRPEp0dtNEO3GmE8M=
45,-85,I9Miju3Eq3q10+lH3JexIsTRhVs=,LXiS7oiFwJNRPEp0dtNEO3GmE8M=
46,-95,I9Miju3Eq3q10+lH3JexIsTRhVs=,LXiS7oiFwJNRPEp0dtNEO3GmE8M=
44,-85,I9Miju3Eq3q10+lH3JexIsTRhVs=,LXiS7oiFwJNRPEp0dtNEO3GmE8M=
43,-85,I9Miju3Eq3q10+lH3JexIsTRhVs=,LXiS7oiFwJNRPEp0dtNEO3GmE8M=
41,-85,I9Miju3Eq3q10+lH3JexIsTRhVs=,LXiS7oiFwJNRPEp0dtNEO3GmE8M=
46,-85,I9Miju3Eq3q10+lH3JexIsTRhVs=,LXiS7oiFwJNRPEp0dtNEO3GmE8M=
38,-85,I9Miju3Eq3q10+lH3JexIsTRhVs=,LXiS7oiFwJNRPEp0dtNEO3GmE8M=
37,-85,I9Miju3Eq3q10+lH3JexIsTRhVs=,LXiS7oiFwJNRPEp0dtNEO3GmE8M=
40,-85,I9Miju3Eq3q10+lH3JexIsTRhVs=,LXiS7oiFwJNRPEp0dtNEO3GmE8M=
39,-85,I9Miju3Eq3q10+lH3JexIsTRhVs=,LXiS7oiFwJNRPEp0dtNEO3GmE8M=
35,-85,I9Miju3Eq3q10+lH3JexIsTRhVs=,LXiS7oiFwJNRPEp0dtNEO3GmE8M=
36,-85,I9Miju3Eq3q10+lH3JexIsTRhVs=,LXiS7oiFwJNRPEp0dtNEO3GmE8M=
32,-85,I9Miju3Eq3q10+lH3JexIsTRhVs=,LXiS7oiFwJNRPEp0dtNEO3GmE8M=
45,-96,I9Miju3Eq3q10+lH3JexIsTRhVs=,LXiS7oiFwJNRPEp0dtNEO3GmE8M=
46,-94,I9Miju3Eq3q10+lH3JexIsTRhVs=,LXiS7oiFwJNRPEp0dtNEO3GmE8M=
42,-85,I9Miju3Eq3q10+lH3JexIsTRhVs=,LXiS7oiFwJNRPEp0dtNEO3GmE8M=
45,-95,I9Miju3Eq3q10+lH3JexIsTRhVs=,LXiS7oiFwJNRPEp0dtNEO3GmE8M=
34,-85,I9Miju3Eq3q10+lH3JexIsTRhVs=,LXiS7oiFwJNRPEp0dtNEO3GmE8M=
46,-86,I9Miju3Eq3q10+lH3JexIsTRhVs=,LXiS7oiFwJNRPEp0dtNEO3GmE8M=
33,-85,I9Miju3Eq3q10+lH3JexIsTRhVs=,LXiS7oiFwJNRPEp0dtNEO3GmE8M=
43,-86,I9Miju3Eq3q10+lH3JexIsTRhVs=,LXiS7oiFwJNRPEp0dtNEO3GmE8M=
45,-86,I9Miju3Eq3q10+lH3JexIsTRhVs=,LXiS7oiFwJNRPEp0dtNEO3GmE8M=
40,-86,I9Miju3Eq3q10+lH3JexIsTRhVs=,LXiS7oiFwJNRPEp0dtNEO3GmE8M=
47,-86,I9Miju3Eq3q10+lH3JexIsTRhVs=,LXiS7oiFwJNRPEp0dtNEO3GmE8M=
42,-86,I9Miju3Eq3q10+lH3JexIsTRhVs=,LXiS7oiFwJNRPEp0dtNEO3GmE8M=
38,-86,I9Miju3Eq3q10+lH3JexIsTRhVs=,LXiS7oiFwJNRPEp0dtNEO3GmE8M=
37,-86,I9Miju3Eq3q10+lH3JexIsTRhVs=,LXiS7oiFwJNRPEp0dtNEO3GmE8M=
41,-86,I9Miju3Eq3q10+lH3JexIsTRhVs=,LXiS7oiFwJNRPEp0dtNEO3GmE8M=
35,-86,I9Miju3Eq3q10+lH3JexIsTRhVs=,LXiS7oiFwJNRPEp0dtNEO3GmE8M=
45,-94,I9Miju3Eq3q10+lH3JexIsTRhVs=,LXiS7oiFwJNRPEp0dtNEO3GmE8M=
34,-86,I9Miju3Eq3q10+lH3JexIsTRhVs=,LXiS7oiFwJNRPEp0dtNEO3GmE8M=
45,-87,I9Miju3Eq3q10+lH3JexIsTRhVs=,LXiS7oiFwJNRPEp0dtNEO3GmE8M=
33,-86,I9Miju3Eq3q10+lH3JexIsTRhVs=,LXiS7oiFwJNRPEp0dtNEO3GmE8M=
47,-87,I9Miju3Eq3q10+lH3JexIsTRhVs=,LXiS7oiFwJNRPEp0dtNEO3GmE8M=
44,-86,I9Miju3Eq3q10+lH3JexIsTRhVs=,LXiS7oiFwJNRPEp0dtNEO3GmE8M=
39,-86,I9Miju3Eq3q10+lH3JexIsTRhVs=,LXiS7oiFwJNRPEp0dtNEO3GmE8M=
44,-87,I9Miju3Eq3q10+lH3JexIsTRhVs=,LXiS7oiFwJNRPEp0dtNEO3GmE8M=
32,-86,I9Miju3Eq3q10+lH3JexIsTRhVs=,LXiS7oiFwJNRPEp0dtNEO3GmE8M=
36,-86,I9Miju3Eq3q10+lH3JexIsTRhVs=,LXiS7oiFwJNRPEp0dtNEO3GmE8M=
44,-95,I9Miju3Eq3q10+lH3JexIsTRhVs=,LXiS7oiFwJNRPEp0dtNEO3GmE8M=
39,-87,I9Miju3Eq3q10+lH3JexIsTRhVs=,LXiS7oiFwJNRPEp0dtNEO3GmE8M=
44,-96,I9Miju3Eq3q10+lH3JexIsTRhVs=,LXiS7oiFwJNRPEp0dtNEO3GmE8M=
40,-87,I9Miju3Eq3q10+lH3JexIsTRhVs=,LXiS7oiFwJNRPEp0dtNEO3GmE8M=
41,-87,I9Miju3Eq3q10+lH3JexIsTRhVs=,LXiS7oiFwJNRPEp0dtNEO3GmE8M=
37,-87,I9Miju3Eq3q10+lH3JexIsTRhVs=,LXiS7oiFwJNRPEp0dtNEO3GmE8M=
38,-87,I9Miju3Eq3q10+lH3JexIsTRhVs=,LXiS7oiFwJNRPEp0dtNEO3GmE8M=
35,-87,I9Miju3Eq3q10+lH3JexIsTRhVs=,LXiS7oiFwJNRPEp0dtNEO3GmE8M=
33,-87,I9Miju3Eq3q10+lH3JexIsTRhVs=,LXiS7oiFwJNRPEp0dtNEO3GmE8M=
43,-87,I9Miju3Eq3q10+lH3JexIsTRhVs=,LXiS7oiFwJNRPEp0dtNEO3GmE8M=
32,-87,I9Miju3Eq3q10+lH3JexIsTRhVs=,LXiS7oiFwJNRPEp0dtNEO3GmE8M=
34,-87,I9Miju3Eq3q10+lH3JexIsTRhVs=,LXiS7oiFwJNRPEp0dtNEO3GmE8M=
47,-88,I9Miju3Eq3q10+lH3JexIsTRhVs=,LXiS7oiFwJNRPEp0dtNEO3GmE8M=
43,-95,I9Miju3Eq3q10+lH3JexIsTRhVs=,LXiS7oiFwJNRPEp0dtNEO3GmE8M=
46,-88,I9Miju3Eq3q10+lH3JexIsTRhVs=,LXiS7oiFwJNRPEp0dtNEO3GmE8M=
44,-94,I9Miju3Eq3q10+lH3JexIsTRhVs=,LXiS7oiFwJNRPEp0dtNEO3GmE8M=
44,-88,I9Miju3Eq3q10+lH3JexIsTRhVs=,LXiS7oiFwJNRPEp0dtNEO3GmE8M=
43,-96,I9Miju3Eq3q10+lH3JexIsTRhVs=,LXiS7oiFwJNRPEp0dtNEO3GmE8M=
45,-88,I9Miju3Eq3q10+lH3JexIsTRhVs=,LXiS7oiFwJNRPEp0dtNEO3GmE8M=
43,-88,I9Miju3Eq3q10+lH3JexIsTRhVs=,LXiS7oiFwJNRPEp0dtNEO3GmE8M=
36,-87,I9Miju3Eq3q10+lH3JexIsTRhVs=,LXiS7oiFwJNRPEp0dtNEO3GmE8M=
41,-88,I9Miju3Eq3q10+lH3JexIsTRhVs=,LXiS7oiFwJNRPEp0dtNEO3GmE8M=
40,-88,I9Miju3Eq3q10+lH3JexIsTRhVs=,LXiS7oiFwJNRPEp0dtNEO3GmE8M=
39,-88,I9Miju3Eq3q10+lH3JexIsTRhVs=,LXiS7oiFwJNRPEp0dtNEO3GmE8M=
42,-88,I9Miju3Eq3q10+lH3JexIsTRhVs=,LXiS7oiFwJNRPEp0dtNEO3GmE8M=
35,-88,I9Miju3Eq3q10+lH3JexIsTRhVs=,LXiS7oiFwJNRPEp0dtNEO3GmE8M=
37,-88,I9Miju3Eq3q10+lH3JexIsTRhVs=,LXiS7oiFwJNRPEp0dtNEO3GmE8M=
34,-88,I9Miju3Eq3q10+lH3JexIsTRhVs=,LXiS7oiFwJNRPEp0dtNEO3GmE8M=
33,-88,I9Miju3Eq3q10+lH3JexIsTRhVs=,LXiS7oiFwJNRPEp0dtNEO3GmE8M=
42,-96,I9Miju3Eq3q10+lH3JexIsTRhVs=,LXiS7oiFwJNRPEp0dtNEO3GmE8M=
32,-88,I9Miju3Eq3q10+lH3JexIsTRhVs=,LXiS7oiFwJNRPEp0dtNEO3GmE8M=
42,-95,I9Miju3Eq3q10+lH3JexIsTRhVs=,LXiS7oiFwJNRPEp0dtNEO3GmE8M=
43,-94,I9Miju3Eq3q10+lH3JexIsTRhVs=,LXiS7oiFwJNRPEp0dtNEO3GmE8M=
36,-88,I9Miju3Eq3q10+lH3JexIsTRhVs=,LXiS7oiFwJNRPEp0dtNEO3GmE8M=
45,-89,I9Miju3Eq3q10+lH3JexIsTRhVs=,LXiS7oiFwJNRPEp0dtNEO3GmE8M=
47,-89,I9Miju3Eq3q10+lH3JexIsTRhVs=,LXiS7oiFwJNRPEp0dtNEO3GmE8M=
44,-89,I9Miju3Eq3q10+lH3JexIsTRhVs=,LXiS7oiFwJNRPEp0dtNEO3GmE8M=
32,-96,I9Miju3Eq3q10+lH3JexIsTRhVs=,LXiS7oiFwJNRPEp0dtNEO3GmE8M=
40,-89,I9Miju3Eq3q10+lH3JexIsTRhVs=,LXiS7oiFwJNRPEp0dtNEO3GmE8M=
46,-89,I9Miju3Eq3q10+lH3JexIsTRhVs=,LXiS7oiFwJNRPEp0dtNEO3GmE8M=
43,-89,I9Miju3Eq3q10+lH3JexIsTRhVs=,LXiS7oiFwJNRPEp0dtNEO3GmE8M=
39,-89,I9Miju3Eq3q10+lH3JexIsTRhVs=,LXiS7oiFwJNRPEp0dtNEO3GmE8M=
41,-89,I9Miju3Eq3q10+lH3JexIsTRhVs=,LXiS7oiFwJNRPEp0dtNEO3GmE8M=
38,-89,I9Miju3Eq3q10+lH3JexIsTRhVs=,LXiS7oiFwJNRPEp0dtNEO3GmE8M=
35,-89,I9Miju3Eq3q10+lH3JexIsTRhVs=,LXiS7oiFwJNRPEp0dtNEO3GmE8M=
42,-89,I9Miju3Eq3q10+lH3JexIsTRhVs=,LXiS7oiFwJNRPEp0dtNEO3GmE8M=
34,-89,I9Miju3Eq3q10+lH3JexIsTRhVs=,LXiS7oiFwJNRPEp0dtNEO3GmE8M=
33,-89,I9Miju3Eq3q10+lH3JexIsTRhVs=,LXiS7oiFwJNRPEp0dtNEO3GmE8M=
41,-96,I9Miju3Eq3q10+lH3JexIsTRhVs=,LXiS7oiFwJNRPEp0dtNEO3GmE8M=
42,-94,I9Miju3Eq3q10+lH3JexIsTRhVs=,LXiS7oiFwJNRPEp0dtNEO3GmE8M=
32,-89,I9Miju3Eq3q10+lH3JexIsTRhVs=,LXiS7oiFwJNRPEp0dtNEO3GmE8M=
36,-89,I9Miju3Eq3q10+lH3JexIsTRhVs=,LXiS7oiFwJNRPEp0dtNEO3GmE8M=
45,-90,I9Miju3Eq3q10+lH3JexIsTRhVs=,LXiS7oiFwJNRPEp0dtNEO3GmE8M=
46,-90,I9Miju3Eq3q10+lH3JexIsTRhVs=,LXiS7oiFwJNRPEp0dtNEO3GmE8M=
37,-89,I9Miju3Eq3q10+lH3JexIsTRhVs=,LXiS7oiFwJNRPEp0dtNEO3GmE8M=
44,-90,I9Miju3Eq3q10+lH3JexIsTRhVs=,LXiS7oiFwJNRPEp0dtNEO3GmE8M=
42,-90,I9Miju3Eq3q10+lH3JexIsTRhVs=,LXiS7oiFwJNRPEp0dtNEO3GmE8M=
47,-90,I9Miju3Eq3q10+lH3JexIsTRhVs=,LXiS7oiFwJNRPEp0dtNEO3GmE8M=
41,-95,I9Miju3Eq3q10+lH3JexIsTRhVs=,LXiS7oiFwJNRPEp0dtNEO3GmE8M=
39,-90,I9Miju3Eq3q10+lH3JexIsTRhVs=,LXiS7oiFwJNRPEp0dtNEO3GmE8M=
43,-90,I9Miju3Eq3q10+lH3JexIsTRhVs=,LXiS7oiFwJNRPEp0dtNEO3GmE8M=
38,-90,I9Miju3Eq3q10+lH3JexIsTRhVs=,LXiS7oiFwJNRPEp0dtNEO3GmE8M=
41,-90,I9Miju3Eq3q10+lH3JexIsTRhVs=,LXiS7oiFwJNRPEp0dtNEO3GmE8M=
36,-90,I9Miju3Eq3q10+lH3JexIsTRhVs=,LXiS7oiFwJNRPEp0dtNEO3GmE8M=
40,-96,I9Miju3Eq3q10+lH3JexIsTRhVs=,LXiS7oiFwJNRPEp0dtNEO3GmE8M=
35,-90,I9Miju3Eq3q10+lH3JexIsTRhVs=,LXiS7oiFwJNRPEp0dtNEO3GmE8M=
40,-95,I9Miju3Eq3q10+lH3JexIsTRhVs=,LXiS7oiFwJNRPEp0dtNEO3GmE8M=
37,-90,I9Miju3Eq3q10+lH3JexIsTRhVs=,LXiS7oiFwJNRPEp0dtNEO3GmE8M=
34,-90,I9Miju3Eq3q10+lH3JexIsTRhVs=,LXiS7oiFwJNRPEp0dtNEO3GmE8M=
47,-91,I9Miju3Eq3q10+lH3JexIsTRhVs=,LXiS7oiFwJNRPEp0dtNEO3GmE8M=
32,-90,I9Miju3Eq3q10+lH3JexIsTRhVs=,LXiS7oiFwJNRPEp0dtNEO3GmE8M=
45,-91,I9Miju3Eq3q10+lH3JexIsTRhVs=,LXiS7oiFwJNRPEp0dtNEO3GmE8M=
41,-94,I9Miju3Eq3q10+lH3JexIsTRhVs=,LXiS7oiFwJNRPEp0dtNEO3GmE8M=
42,-91,I9Miju3Eq3q10+lH3JexIsTRhVs=,LXiS7oiFwJNRPEp0dtNEO3GmE8M=
46,-91,I9Miju3Eq3q10+lH3JexIsTRhVs=,LXiS7oiFwJNRPEp0dtNEO3GmE8M=
40,-91,I9Miju3Eq3q10+lH3JexIsTRhVs=,LXiS7oiFwJNRPEp0dtNEO3GmE8M=
39,-91,I9Miju3Eq3q10+lH3JexIsTRhVs=,LXiS7oiFwJNRPEp0dtNEO3GmE8M=
41,-91,I9Miju3Eq3q10+lH3JexIsTRhVs=,LXiS7oiFwJNRPEp0dtNEO3GmE8M=
37,-91,I9Miju3Eq3q10+lH3JexIsTRhVs=,LXiS7oiFwJNRPEp0dtNEO3GmE8M=
33,-90,I9Miju3Eq3q10+lH3JexIsTRhVs=,LXiS7oiFwJNRPEp0dtNEO3GmE8M=
35,-91,I9Miju3Eq3q10+lH3JexIsTRhVs=,LXiS7oiFwJNRPEp0dtNEO3GmE8M=
38,-91,I9Miju3Eq3q10+lH3JexIsTRhVs=,LXiS7oiFwJNRPEp0dtNEO3GmE8M=
36,-91,I9Miju3Eq3q10+lH3JexIsTRhVs=,LXiS7oiFwJNRPEp0dtNEO3GmE8M=
34,-91,I9Miju3Eq3q10+lH3JexIsTRhVs=,LXiS7oiFwJNRPEp0dtNEO3GmE8M=
39,-96,I9Miju3Eq3q10+lH3JexIsTRhVs=,LXiS7oiFwJNRPEp0dtNEO3GmE8M=
40,-94,I9Miju3Eq3q10+lH3JexIsTRhVs=,LXiS7oiFwJNRPEp0dtNEO3GmE8M=
33,-91,I9Miju3Eq3q10+lH3JexIsTRhVs=,LXiS7oiFwJNRPEp0dtNEO3GmE8M=
47,-92,I9Miju3Eq3q10+lH3JexIsTRhVs=,LXiS7oiFwJNRPEp0dtNEO3GmE8M=
39,-95,I9Miju3Eq3q10+lH3JexIsTRhVs=,LXiS7oiFwJNRPEp0dtNEO3GmE8M=
46,-92,I9Miju3Eq3q10+lH3JexIsTRhVs=,LXiS7oiFwJNRPEp0dtNEO3GmE8M=
32,-91,I9Miju3Eq3q10+lH3JexIsTRhVs=,LXiS7oiFwJNRPEp0dtNEO3GmE8M=
45,-92,I9Miju3Eq3q10+lH3JexIsTRhVs=,LXiS7oiFwJNRPEp0dtNEO3GmE8M=
41,-92,I9Miju3Eq3q10+lH3JexIsTRhVs=,LXiS7oiFwJNRPEp0dtNEO3GmE8M=
40,-92,I9Miju3Eq3q10+lH3JexIsTRhVs=,LXiS7oiFwJNRPEp0dtNEO3GmE8M=
43,-92,I9Miju3Eq3q10+lH3JexIsTRhVs=,LXiS7oiFwJNRPEp0dtNEO3GmE8M=
44,-92,I9Miju3Eq3q10+lH3JexIsTRhVs=,LXiS7oiFwJNRPEp0dtNEO3GmE8M=
42,-92,I9Miju3Eq3q10+lH3JexIsTRhVs=,LXiS7oiFwJNRPEp0dtNEO3GmE8M=
39,-92,I9Miju3Eq3q10+lH3JexIsTRhVs=,LXiS7oiFwJNRPEp0dtNEO3GmE8M=
37,-92,I9Miju3Eq3q10+lH3JexIsTRhVs=,LXiS7oiFwJNRPEp0dtNEO3GmE8M=
38,-92,I9Miju3Eq3q10+lH3JexIsTRhVs=,LXiS7oiFwJNRPEp0dtNEO3GmE8M=
36,-92,I9Miju3Eq3q10+lH3JexIsTRhVs=,LXiS7oiFwJNRPEp0dtNEO3GmE8M=
32,-92,I9Miju3Eq3q10+lH3JexIsTRhVs=,LXiS7oiFwJNRPEp0dtNEO3GmE8M=
33,-92,I9Miju3Eq3q10+lH3JexIsTRhVs=,LXiS7oiFwJNRPEp0dtNEO3GmE8M=
34,-92,I9Miju3Eq3q10+lH3JexIsTRhVs=,LXiS7oiFwJNRPEp0dtNEO3GmE8M=
39,-94,I9Miju3Eq3q10+lH3JexIsTRhVs=,LXiS7oiFwJNRPEp0dtNEO3GmE8M=
38,-96,I9Miju3Eq3q10+lH3JexIsTRhVs=,LXiS7oiFwJNRPEp0dtNEO3GmE8M=
35,-92,I9Miju3Eq3q10+lH3JexIsTRhVs=,LXiS7oiFwJNRPEp0dtNEO3GmE8M=
47,-93,I9Miju3Eq3q10+lH3JexIsTRhVs=,LXiS7oiFwJNRPEp0dtNEO3GmE8M=
45,-93,I9Miju3Eq3q10+lH3JexIsTRhVs=,LXiS7oiFwJNRPEp0dtNEO3GmE8M=
38,-95,I9Miju3Eq3q10+lH3JexIsTRhVs=,LXiS7oiFwJNRPEp0dtNEO3GmE8M=
46,-93,I9Miju3Eq3q10+lH3JexIsTRhVs=,LXiS7oiFwJNRPEp0dtNEO3GmE8M=
43,-93,I9Miju3Eq3q10+lH3JexIsTRhVs=,LXiS7oiFwJNRPEp0dtNEO3GmE8M=
42,-93,I9Miju3Eq3q10+lH3JexIsTRhVs=,LXiS7oiFwJNRPEp0dtNEO3GmE8M=
40,-93,I9Miju3Eq3q10+lH3JexIsTRhVs=,LXiS7oiFwJNRPEp0dtNEO3GmE8M=
44,-93,I9Miju3Eq3q10+lH3JexIsTRhVs=,LXiS7oiFwJNRPEp0dtNEO3GmE8M=
46,-87,I9Miju3Eq3q10+lH3JexIsTRhVs=,LXiS7oiFwJNRPEp0dtNEO3GmE8M=
42,-87,I9Miju3Eq3q10+lH3JexIsTRhVs=,LXiS7oiFwJNRPEp0dtNEO3GmE8M=
38,-88,I9Miju3Eq3q10+lH3JexIsTRhVs=,LXiS7oiFwJNRPEp0dtNEO3GmE8M=
44,-91,I9Miju3Eq3q10+lH3JexIsTRhVs=,LXiS7oiFwJNRPEp0dtNEO3GmE8M=
41,-93,I9Miju3Eq3q10+lH3JexIsTRhVs=,LXiS7oiFwJNRPEp0dtNEO3GmE8M=
43,-91,I9Miju3Eq3q10+lH3JexIsTRhVs=,LXiS7oiFwJNRPEp0dtNEO3GmE8M=
40,-90,I9Miju3Eq3q10+lH3JexIsTRhVs=,LXiS7oiFwJNRPEp0dtNEO3GmE8M=
38,-77,I9Miju3Eq3q10+lH3JexIsTRhVs=,LXiS7oiFwJNRPEp0dtNEO3GmE8M=
41,-79,I9Miju3Eq3q10+lH3JexIsTRhVs=,LXiS7oiFwJNRPEp0dtNEO3GmE8M=
38,-78,I9Miju3Eq3q10+lH3JexIsTRhVs=,LXiS7oiFwJNRPEp0dtNEO3GmE8M=
39,-77,I9Miju3Eq3q10+lH3JexIsTRhVs=,LXiS7oiFwJNRPEp0dtNEO3GmE8M=
37,-78,I9Miju3Eq3q10+lH3JexIsTRhVs=,LXiS7oiFwJNRPEp0dtNEO3GmE8M=
40,-77,I9Miju3Eq3q10+lH3JexIsTRhVs=,LXiS7oiFwJNRPEp0dtNEO3GmE8M=
41,-77,I9Miju3Eq3q10+lH3JexIsTRhVs=,LXiS7oiFwJNRPEp0dtNEO3GmE8M=
40,-79,I9Miju3Eq3q10+lH3JexIsTRhVs=,LXiS7oiFwJNRPEp0dtNEO3GmE8M=
36,-77,I9Miju3Eq3q10+lH3JexIsTRhVs=,LXiS7oiFwJNRPEp0dtNEO3GmE8M=
42,-77,I9Miju3Eq3q10+lH3JexIsTRhVs=,LXiS7oiFwJNRPEp0dtNEO3GmE8M=
37,-77,I9Miju3Eq3q10+lH3JexIsTRhVs=,LXiS7oiFwJNRPEp0dtNEO3GmE8M=
35,-77,I9Miju3Eq3q10+lH3JexIsTRhVs=,LXiS7oiFwJNRPEp0dtNEO3GmE8M=
39,-79,I9Miju3Eq3q10+lH3JexIsTRhVs=,LXiS7oiFwJNRPEp0dtNEO3GmE8M=
43,-77,I9Miju3Eq3q10+lH3JexIsTRhVs=,LXiS7oiFwJNRPEp0dtNEO3GmE8M=
34,-77,I9Miju3Eq3q10+lH3JexIsTRhVs=,LXiS7oiFwJNRPEp0dtNEO3GmE8M=
38,-79,I9Miju3Eq3q10+lH3JexIsTRhVs=,LXiS7oiFwJNRPEp0dtNEO3GmE8M=
45,-65,I9Miju3Eq3q10+lH3JexIsTRhVs=,LXiS7oiFwJNRPEp0dtNEO3GmE8M=
46,-65,I9Miju3Eq3q10+lH3JexIsTRhVs=,LXiS7oiFwJNRPEp0dtNEO3GmE8M=
36,-78,I9Miju3Eq3q10+lH3JexIsTRhVs=,LXiS7oiFwJNRPEp0dtNEO3GmE8M=
44,-77,I9Miju3Eq3q10+lH3JexIsTRhVs=,LXiS7oiFwJNRPEp0dtNEO3GmE8M=
37,-79,I9Miju3Eq3q10+lH3JexIsTRhVs=,LXiS7oiFwJNRPEp0dtNEO3GmE8M=
44,-65,I9Miju3Eq3q10+lH3JexIsTRhVs=,LXiS7oiFwJNRPEp0dtNEO3GmE8M=
47,-65,I9Miju3Eq3q10+lH3JexIsTRhVs=,LXiS7oiFwJNRPEp0dtNEO3GmE8M=
39,-65,I9Miju3Eq3q10+lH3JexIsTRhVs=,LXiS7oiFwJNRPEp0dtNEO3GmE8M=
45,-77,I9Miju3Eq3q10+lH3JexIsTRhVs=,LXiS7oiFwJNRPEp0dtNEO3GmE8M=
40,-65,I9Miju3Eq3q10+lH3JexIsTRhVs=,LXiS7oiFwJNRPEp0dtNEO3GmE8M=
41,-65,I9Miju3Eq3q10+lH3JexIsTRhVs=,LXiS7oiFwJNRPEp0dtNEO3GmE8M=
43,-65,I9Miju3Eq3q10+lH3JexIsTRhVs=,LXiS7oiFwJNRPEp0dtNEO3GmE8M=
37,-65,I9Miju3Eq3q10+lH3JexIsTRhVs=,LXiS7oiFwJNRPEp0dtNEO3GmE8M=
46,-77,I9Miju3Eq3q10+lH3JexIsTRhVs=,LXiS7oiFwJNRPEp0dtNEO3GmE8M=
35,-65,I9Miju3Eq3q10+lH3JexIsTRhVs=,LXiS7oiFwJNRPEp0dtNEO3GmE8M=
36,-65,I9Miju3Eq3q10+lH3JexIsTRhVs=,LXiS7oiFwJNRPEp0dtNEO3GmE8M=
33,-65,I9Miju3Eq3q10+lH3JexIsTRhVs=,LXiS7oiFwJNRPEp0dtNEO3GmE8M=
38,-65,I9Miju3Eq3q10+lH3JexIsTRhVs=,LXiS7oiFwJNRPEp0dtNEO3GmE8M=
47,-77,I9Miju3Eq3q10+lH3JexIsTRhVs=,LXiS7oiFwJNRPEp0dtNEO3GmE8M=
32,-65,I9Miju3Eq3q10+lH3JexIsTRhVs=,LXiS7oiFwJNRPEp0dtNEO3GmE8M=
34,-65,I9Miju3Eq3q10+lH3JexIsTRhVs=,LXiS7oiFwJNRPEp0dtNEO3GmE8M=
35,-78,I9Miju3Eq3q10+lH3JexIsTRhVs=,LXiS7oiFwJNRPEp0dtNEO3GmE8M=
33,-77,I9Miju3Eq3q10+lH3JexIsTRhVs=,LXiS7oiFwJNRPEp0dtNEO3GmE8M=
45,-66,I9Miju3Eq3q10+lH3JexIsTRhVs=,LXiS7oiFwJNRPEp0dtNEO3GmE8M=
47,-66,I9Miju3Eq3q10+lH3JexIsTRhVs=,LXiS7oiFwJNRPEp0dtNEO3GmE8M=
43,-66,I9Miju3Eq3q10+lH3JexIsTRhVs=,LXiS7oiFwJNRPEp0dtNEO3GmE8M=
36,-79,I9Miju3Eq3q10+lH3JexIsTRhVs=,LXiS7oiFwJNRPEp0dtNEO3GmE8M=
44,-66,I9Miju3Eq3q10+lH3JexIsTRhVs=,LXiS7oiFwJNRPEp0dtNEO3GmE8M=
42,-66,I9Miju3Eq3q10+lH3JexIsTRhVs=,LXiS7oiFwJNRPEp0dtNEO3GmE8M=
39,-66,I9Miju3Eq3q10+lH3JexIsTRhVs=,LXiS7oiFwJNRPEp0dtNEO3GmE8M=
42,-79,I9Miju3Eq3q10+lH3JexIsTRhVs=,LXiS7oiFwJNRPEp0dtNEO3GmE8M=
40,-66,I9Miju3Eq3q10+lH3JexIsTRhVs=,LXiS7oiFwJNRPEp0dtNEO3GmE8M=
36,-66,I9Miju3Eq3q10+lH3JexIsTRhVs=,LXiS7oiFwJNRPEp0dtNEO3GmE8M=
43,-79,I9Miju3Eq3q10+lH3JexIsTRhVs=,LXiS7oiFwJNRPEp0dtNEO3GmE8M=
38,-66,I9Miju3Eq3q10+lH3JexIsTRhVs=,LXiS7oiFwJNRPEp0dtNEO3GmE8M=
32,-76,I9Miju3Eq3q10+lH3JexIsTRhVs=,LXiS7oiFwJNRPEp0dtNEO3GmE8M=
34,-66,I9Miju3Eq3q10+lH3JexIsTRhVs=,LXiS7oiFwJNRPEp0dtNEO3GmE8M=
46,-67,I9Miju3Eq3q10+lH3JexIsTRhVs=,LXiS7oiFwJNRPEp0dtNEO3GmE8M=
32,-66,I9Miju3Eq3q10+lH3JexIsTRhVs=,LXiS7oiFwJNRPEp0dtNEO3GmE8M=
39,-78,I9Miju3Eq3q10+lH3JexIsTRhVs=,LXiS7oiFwJNRPEp0dtNEO3GmE8M=
47,-67,I9Miju3Eq3q10+lH3JexIsTRhVs=,LXiS7oiFwJNRPEp0dtNEO3GmE8M=
45,-67,I9Miju3Eq3q10+lH3JexIsTRhVs=,LXiS7oiFwJNRPEp0dtNEO3GmE8M=
37,-66,I9Miju3Eq3q10+lH3JexIsTRhVs=,LXiS7oiFwJNRPEp0dtNEO3GmE8M=
44,-67,I9Miju3Eq3q10+lH3JexIsTRhVs=,LXiS7oiFwJNRPEp0dtNEO3GmE8M=
40,-80,I9Miju3Eq3q10+lH3JexIsTRhVs=,LXiS7oiFwJNRPEp0dtNEO3GmE8M=
39,-67,I9Miju3Eq3q10+lH3JexIsTRhVs=,LXiS7oiFwJNRPEp0dtNEO3GmE8M=
38,-67,I9Miju3Eq3q10+lH3JexIsTRhVs=,LXiS7oiFwJNRPEp0dtNEO3GmE8M=
40,-67,I9Miju3Eq3q10+lH3JexIsTRhVs=,LXiS7oiFwJNRPEp0dtNEO3GmE8M=
41,-67,I9Miju3Eq3q10+lH3JexIsTRhVs=,LXiS7oiFwJNRPEp0dtNEO3GmE8M=
36,-67,I9Miju3Eq3q10+lH3JexIsTRhVs=,LXiS7oiFwJNRPEp0dtNEO3GmE8M=
42,-67,I9Miju3Eq3q10+lH3JexIsTRhVs=,LXiS7oiFwJNRPEp0dtNEO3GmE8M=
33,-66,I9Miju3Eq3q10+lH3JexIsTRhVs=,LXiS7oiFwJNRPEp0dtNEO3GmE8M=
35,-67,I9Miju3Eq3q10+lH3JexIsTRhVs=,LXiS7oiFwJNRPEp0dtNEO3GmE8M=
43,-67,I9Miju3Eq3q10+lH3JexIsTRhVs=,LXiS7oiFwJNRPEp0dtNEO3GmE8M=
34,-78,I9Miju3Eq3q10+lH3JexIsTRhVs=,LXiS7oiFwJNRPEp0dtNEO3GmE8M=
39,-80,I9Miju3Eq3q10+lH3JexIsTRhVs=,LXiS7oiFwJNRPEp0dtNEO3GmE8M=
34,-67,I9Miju3Eq3q10+lH3JexIsTRhVs=,LXiS7oiFwJNRPEp0dtNEO3GmE8M=
37,-67,I9Miju3Eq3q10+lH3JexIsTRhVs=,LXiS7oiFwJNRPEp0dtNEO3GmE8M=
33,-78,I9Miju3Eq3q10+lH3JexIsTRhVs=,LXiS7oiFwJNRPEp0dtNEO3GmE8M=
46,-68,I9Miju3Eq3q10+lH3JexIsTRhVs=,LXiS7oiFwJNRPEp0dtNEO3GmE8M=
43,-68,I9Miju3Eq3q10+lH3JexIsTRhVs=,LXiS7oiFwJNRPEp0dtNEO3GmE8M=
45,-68,I9Miju3Eq3q10+lH3JexIsTRhVs=,LXiS7oiFwJNRPEp0dtNEO3GmE8M=
32,-67,I9Miju3Eq3q10+lH3JexIsTRhVs=,LXiS7oiFwJNRPEp0dtNEO3GmE8M=
41,-68,I9Miju3Eq3q10+lH3JexIsTRhVs=,LXiS7oiFwJNRPEp0dtNEO3GmE8M=
40,-68,I9Miju3Eq3q10+lH3JexIsTRhVs=,LXiS7oiFwJNRPEp0dtNEO3GmE8M=
33,-67,I9Miju3Eq3q10+lH3JexIsTRhVs=,LXiS7oiFwJNRPEp0dtNEO3GmE8M=
47,-68,I9Miju3Eq3q10+lH3JexIsTRhVs=,LXiS7oiFwJNRPEp0dtNEO3GmE8M=
36,-68,I9Miju3Eq3q10+lH3JexIsTRhVs=,LXiS7oiFwJNRPEp0dtNEO3GmE8M=
37,-68,I9Miju3Eq3q10+lH3JexIsTRhVs=,LXiS7oiFwJNRPEp0dtNEO3GmE8M=
38,-68,I9Miju3Eq3q10+lH3JexIsTRhVs=,LXiS7oiFwJNRPEp0dtNEO3GmE8M=
39,-68,I9Miju3Eq3q10+lH3JexIsTRhVs=,LXiS7oiFwJNRPEp0dtNEO3GmE8M=
38,-80,I9Miju3Eq3q10+lH3JexIsTRhVs=,LXiS7oiFwJNRPEp0dtNEO3GmE8M=
32,-68,I9Miju3Eq3q10+lH3JexIsTRhVs=,LXiS7oiFwJNRPEp0dtNEO3GmE8M=
35,-79,I9Miju3Eq3q10+lH3JexIsTRhVs=,LXiS7oiFwJNRPEp0dtNEO3GmE8M=
37,-80,I9Miju3Eq3q10+lH3JexIsTRhVs=,LXiS7oiFwJNRPEp0dtNEO3GmE8M=
34,-80,I9Miju3Eq3q10+lH3JexIsTRhVs=,LXiS7oiFwJNRPEp0dtNEO3GmE8M=
47,-78,I9Miju3Eq3q10+lH3JexIsTRhVs=,LXiS7oiFwJNRPEp0dtNEO3GmE8M=
32,-78,I9Miju3Eq3q10+lH3JexIsTRhVs=,LXiS7oiFwJNRPEp0dtNEO3GmE8M=
32,-77,I9Miju3Eq3q10+lH3JexIsTRhVs=,LXiS7oiFwJNRPEp0dtNEO3GmE8M=
34,-79,I9Miju3Eq3q10+lH3JexIsTRhVs=,LXiS7oiFwJNRPEp0dtNEO3GmE8M=
47,-79,I9Miju3Eq3q10+lH3JexIsTRhVs=,LXiS7oiFwJNRPEp0dtNEO3GmE8M=
47,-69,I9Miju3Eq3q10+lH3JexIsTRhVs=,LXiS7oiFwJNRPEp0dtNEO3GmE8M=
45,-69,I9Miju3Eq3q10+lH3JexIsTRhVs=,LXiS7oiFwJNRPEp0dtNEO3GmE8M=
34,-68,I9Miju3Eq3q10+lH3JexIsTRhVs=,LXiS7oiFwJNRPEp0dtNEO3GmE8M=
35,-68,I9Miju3Eq3q10+lH3JexIsTRhVs=,LXiS7oiFwJNRPEp0dtNEO3GmE8M=
46,-79,I9Miju3Eq3q10+lH3JexIsTRhVs=,LXiS7oiFwJNRPEp0dtNEO3GmE8M=
42,-69,I9Miju3Eq3q10+lH3JexIsTRhVs=,LXiS7oiFwJNRPEp0dtNEO3GmE8M=
41,-69,I9Miju3Eq3q10+lH3JexIsTRhVs=,LXiS7oiFwJNRPEp0dtNEO3GmE8M=
44,-69,I9Miju3Eq3q10+lH3JexIsTRhVs=,LXiS7oiFwJNRPEp0dtNEO3GmE8M=
40,-69,I9Miju3Eq3q10+lH3JexIsTRhVs=,LXiS7oiFwJNRPEp0dtNEO3GmE8M=
37,-69,I9Miju3Eq3q10+lH3JexIsTRhVs=,LXiS7oiFwJNRPEp0dtNEO3GmE8M=
46,-69,I9Miju3Eq3q10+lH3JexIsTRhVs=,LXiS7oiFwJNRPEp0dtNEO3GmE8M=
38,-69,I9Miju3Eq3q10+lH3JexIsTRhVs=,LXiS7oiFwJNRPEp0dtNEO3GmE8M=
43,-69,I9Miju3Eq3q10+lH3JexIsTRhVs=,LXiS7oiFwJNRPEp0dtNEO3GmE8M=
34,-69,I9Miju3Eq3q10+lH3JexIsTRhVs=,LXiS7oiFwJNRPEp0dtNEO3GmE8M=
32,-69,I9Miju3Eq3q10+lH3JexIsTRhVs=,LXiS7oiFwJNRPEp0dtNEO3GmE8M=
39,-69,I9Miju3Eq3q10+lH3JexIsTRhVs=,LXiS7oiFwJNRPEp0dtNEO3GmE8M=
36,-69,I9Miju3Eq3q10+lH3JexIsTRhVs=,LXiS7oiFwJNRPEp0dtNEO3GmE8M=
33,-69,I9Miju3Eq3q10+lH3JexIsTRhVs=,LXiS7oiFwJNRPEp0dtNEO3GmE8M=
35,-69,I9Miju3Eq3q10+lH3JexIsTRhVs=,LXiS7oiFwJNRPEp0dtNEO3GmE8M=
46,-70,I9Miju3Eq3q10+lH3JexIsTRhVs=,LXiS7oiFwJNRPEp0dtNEO3GmE8M=
33,-79,I9Miju3Eq3q10+lH3JexIsTRhVs=,LXiS7oiFwJNRPEp0dtNEO3GmE8M=
44,-70,I9Miju3Eq3q10+lH3JexIsTRhVs=,LXiS7oiFwJNRPEp0dtNEO3GmE8M=
47,-70,I9Miju3Eq3q10+lH3JexIsTRhVs=,LXiS7oiFwJNRPEp0dtNEO3GmE8M=
45,-70,I9Miju3Eq3q10+lH3JexIsTRhVs=,LXiS7oiFwJNRPEp0dtNEO3GmE8M=
42,-70,I9Miju3Eq3q10+lH3JexIsTRhVs=,LXiS7oiFwJNRPEp0dtNEO3GmE8M=
43,-70,I9Miju3Eq3q10+lH3JexIsTRhVs=,LXiS7oiFwJNRPEp0dtNEO3GmE8M=
45,-79,I9Miju3Eq3q10+lH3JexIsTRhVs=,LXiS7oiFwJNRPEp0dtNEO3GmE8M=
46,-78,I9Miju3Eq3q10+lH3JexIsTRhVs=,LXiS7oiFwJNRPEp0dtNEO3GmE8M=
34,-70,I9Miju3Eq3q10+lH3JexIsTRhVs=,LXiS7oiFwJNRPEp0dtNEO3GmE8M=
39,-70,I9Miju3Eq3q10+lH3JexIsTRhVs=,LXiS7oiFwJNRPEp0dtNEO3GmE8M=
35,-70,I9Miju3Eq3q10+lH3JexIsTRhVs=,LXiS7oiFwJNRPEp0dtNEO3GmE8M=
32,-79,I9Miju3Eq3q10+lH3JexIsTRhVs=,LXiS7oiFwJNRPEp0dtNEO3GmE8M=
41,-70,I9Miju3Eq3q10+lH3JexIsTRhVs=,LXiS7oiFwJNRPEp0dtNEO3GmE8M=
37,-70,I9Miju3Eq3q10+lH3JexIsTRhVs=,LXiS7oiFwJNRPEp0dtNEO3GmE8M=
36,-70,I9Miju3Eq3q10+lH3JexIsTRhVs=,LXiS7oiFwJNRPEp0dtNEO3GmE8M=
33,-70,I9Miju3Eq3q10+lH3JexIsTRhVs=,LXiS7oiFwJNRPEp0dtNEO3GmE8M=
40,-70,I9Miju3Eq3q10+lH3JexIsTRhVs=,LXiS7oiFwJNRPEp0dtNEO3GmE8M=
46,-71,I9Miju3Eq3q10+lH3JexIsTRhVs=,LXiS7oiFwJNRPEp0dtNEO3GmE8M=
42,-68,I9Miju3Eq3q10+lH3JexIsTRhVs=,LXiS7oiFwJNRPEp0dtNEO3GmE8M=
32,-70,I9Miju3Eq3q10+lH3JexIsTRhVs=,LXiS7oiFwJNRPEp0dtNEO3GmE8M=
43,-71,I9Miju3Eq3q10+lH3JexIsTRhVs=,LXiS7oiFwJNRPEp0dtNEO3GmE8M=
40,-71,I9Miju3Eq3q10+lH3JexIsTRhVs=,LXiS7oiFwJNRPEp0dtNEO3GmE8M=
42,-71,I9Miju3Eq3q10+lH3JexIsTRhVs=,LXiS7oiFwJNRPEp0dtNEO3GmE8M=
44,-71,I9Miju3Eq3q10+lH3JexIsTRhVs=,LXiS7oiFwJNRPEp0dtNEO3GmE8M=
45,-71,I9Miju3Eq3q10+lH3JexIsTRhVs=,LXiS7oiFwJNRPEp0dtNEO3GmE8M=
39,-71,I9Miju3Eq3q10+lH3JexIsTRhVs=,LXiS7oiFwJNRPEp0dtNEO3GmE8M=
36,-71,I9Miju3Eq3q10+lH3JexIsTRhVs=,LXiS7oiFwJNRPEp0dtNEO3GmE8M=
41,-71,I9Miju3Eq3q10+lH3JexIsTRhVs=,LXiS7oiFwJNRPEp0dtNEO3GmE8M=
38,-71,I9Miju3Eq3q10+lH3JexIsTRhVs=,LXiS7oiFwJNRPEp0dtNEO3GmE8M=
34,-71,I9Miju3Eq3q10+lH3JexIsTRhVs=,LXiS7oiFwJNRPEp0dtNEO3GmE8M=
47,-80,I9Miju3Eq3q10+lH3JexIsTRhVs=,LXiS7oiFwJNRPEp0dtNEO3GmE8M=
44,-78,I9Miju3Eq3q10+lH3JexIsTRhVs=,LXiS7oiFwJNRPEp0dtNEO3GmE8M=
33,-71,I9Miju3Eq3q10+lH3JexIsTRhVs=,LXiS7oiFwJNRPEp0dtNEO3GmE8M=
37,-71,I9Miju3Eq3q10+lH3JexIsTRhVs=,LXiS7oiFwJNRPEp0dtNEO3GmE8M=
44,-79,I9Miju3Eq3q10+lH3JexIsTRhVs=,LXiS7oiFwJNRPEp0dtNEO3GmE8M=
32,-71,I9Miju3Eq3q10+lH3JexIsTRhVs=,LXiS7oiFwJNRPEp0dtNEO3GmE8M=
35,-71,I9Miju3Eq3q10+lH3JexIsTRhVs=,LXiS7oiFwJNRPEp0dtNEO3GmE8M=
33,-80,I9Miju3Eq3q10+lH3JexIsTRhVs=,LXiS7oiFwJNRPEp0dtNEO3GmE8M=
46,-72,I9Miju3Eq3q10+lH3JexIsTRhVs=,LXiS7oiFwJNRPEp0dtNEO3GmE8M=
43,-72,I9Miju3Eq3q10+lH3JexIsTRhVs=,LXiS7oiFwJNRPEp0dtNEO3GmE8M=
42,-65,I9Miju3Eq3q10+lH3JexIsTRhVs=,LXiS7oiFwJNRPEp0dtNEO3GmE8M=
39,-72,I9Miju3Eq3q10+lH3JexIsTRhVs=,LXiS7oiFwJNRPEp0dtNEO3GmE8M=
37,-72,I9Miju3Eq3q10+lH3JexIsTRhVs=,LXiS7oiFwJNRPEp0dtNEO3GmE8M=
35,-72,I9Miju3Eq3q10+lH3JexIsTRhVs=,LXiS7oiFwJNRPEp0dtNEO3GmE8M=
33,-72,I9Miju3Eq3q10+lH3JexIsTRhVs=,LXiS7oiFwJNRPEp0dtNEO3GmE8M=
36,-72,I9Miju3Eq3q10+lH3JexIsTRhVs=,LXiS7oiFwJNRPEp0dtNEO3GmE8M=
44,-72,I9Miju3Eq3q10+lH3JexIsTRhVs=,LXiS7oiFwJNRPEp0dtNEO3GmE8M=
34,-72,I9Miju3Eq3q10+lH3JexIsTRhVs=,LXiS7oiFwJNRPEp0dtNEO3GmE8M=
46,-73,I9Miju3Eq3q10+lH3JexIsTRhVs=,LXiS7oiFwJNRPEp0dtNEO3GmE8M=
41,-72,I9Miju3Eq3q10+lH3JexIsTRhVs=,LXiS7oiFwJNRPEp0dtNEO3GmE8M=
36,-80,I9Miju3Eq3q10+lH3JexIsTRhVs=,LXiS7oiFwJNRPEp0dtNEO3GmE8M=
32,-80,I9Miju3Eq3q10+lH3JexIsTRhVs=,LXiS7oiFwJNRPEp0dtNEO3GmE8M=
32,-72,I9Miju3Eq3q10+lH3JexIsTRhVs=,LXiS7oiFwJNRPEp0dtNEO3GmE8M=
43,-73,I9Miju3Eq3q10+lH3JexIsTRhVs=,LXiS7oiFwJNRPEp0dtNEO3GmE8M=
43,-78,I9Miju3Eq3q10+lH3JexIsTRhVs=,LXiS7oiFwJNRPEp0dtNEO3GmE8M=
45,-73,I9Miju3Eq3q10+lH3JexIsTRhVs=,LXiS7oiFwJNRPEp0dtNEO3GmE8M=
44,-73,I9Miju3Eq3q10+lH3JexIsTRhVs=,LXiS7oiFwJNRPEp0dtNEO3GmE8M=
40,-72,I9Miju3Eq3q10+lH3JexIsTRhVs=,LXiS7oiFwJNRPEp0dtNEO3GmE8M=
41,-73,I9Miju3Eq3q10+lH3JexIsTRhVs=,LXiS7oiFwJNRPEp0dtNEO3GmE8M=
39,-73,I9Miju3Eq3q10+lH3JexIsTRhVs=,LXiS7oiFwJNRPEp0dtNEO3GmE8M=
36,-73,I9Miju3Eq3q10+lH3JexIsTRhVs=,LXiS7oiFwJNRPEp0dtNEO3GmE8M=
37,-73,I9Miju3Eq3q10+lH3JexIsTRhVs=,LXiS7oiFwJNRPEp0dtNEO3GmE8M=
40,-73,I9Miju3Eq3q10+lH3JexIsTRhVs=,LXiS7oiFwJNRPEp0dtNEO3GmE8M=
42,-73,I9Miju3Eq3q10+lH3JexIsTRhVs=,LXiS7oiFwJNRPEp0dtNEO3GmE8M=
38,-73,I9Miju3Eq3q10+lH3JexIsTRhVs=,LXiS7oiFwJNRPEp0dtNEO3GmE8M=
35,-73,I9Miju3Eq3q10+lH3JexIsTRhVs=,LXiS7oiFwJNRPEp0dtNEO3GmE8M=
32,-73,I9Miju3Eq3q10+lH3JexIsTRhVs=,LXiS7oiFwJNRPEp0dtNEO3GmE8M=
45,-80,I9Miju3Eq3q10+lH3JexIsTRhVs=,LXiS7oiFwJNRPEp0dtNEO3GmE8M=
42,-78,I9Miju3Eq3q10+lH3JexIsTRhVs=,LXiS7oiFwJNRPEp0dtNEO3GmE8M=
33,-73,I9Miju3Eq3q10+lH3JexIsTRhVs=,LXiS7oiFwJNRPEp0dtNEO3GmE8M=
46,-74,I9Miju3Eq3q10+lH3JexIsTRhVs=,LXiS7oiFwJNRPEp0dtNEO3GmE8M=
34,-73,I9Miju3Eq3q10+lH3JexIsTRhVs=,LXiS7oiFwJNRPEp0dtNEO3GmE8M=
44,-74,I9Miju3Eq3q10+lH3JexIsTRhVs=,LXiS7oiFwJNRPEp0dtNEO3GmE8M=
42,-74,I9Miju3Eq3q10+lH3JexIsTRhVs=,LXiS7oiFwJNRPEp0dtNEO3GmE8M=
43,-74,I9Miju3Eq3q10+lH3JexIsTRhVs=,LXiS7oiFwJNRPEp0dtNEO3GmE8M=
41,-66,I9Miju3Eq3q10+lH3JexIsTRhVs=,LXiS7oiFwJNRPEp0dtNEO3GmE8M=
35,-80,I9Miju3Eq3q10+lH3JexIsTRhVs=,LXiS7oiFwJNRPEp0dtNEO3GmE8M=
40,-74,I9Miju3Eq3q10+lH3JexIsTRhVs=,LXiS7oiFwJNRPEp0dtNEO3GmE8M=
41,-78,I9Miju3Eq3q10+lH3JexIsTRhVs=,LXiS7oiFwJNRPEp0dtNEO3GmE8M=
33,-74,I9Miju3Eq3q10+lH3JexIsTRhVs=,LXiS7oiFwJNRPEp0dtNEO3GmE8M=
39,-74,I9Miju3Eq3q10+lH3JexIsTRhVs=,LXiS7oiFwJNRPEp0dtNEO3GmE8M=
45,-74,I9Miju3Eq3q10+lH3JexIsTRhVs=,LXiS7oiFwJNRPEp0dtNEO3GmE8M=
32,-74,I9Miju3Eq3q10+lH3JexIsTRhVs=,LXiS7oiFwJNRPEp0dtNEO3GmE8M=
38,-74,I9Miju3Eq3q10+lH3JexIsTRhVs=,LXiS7oiFwJNRPEp0dtNEO3GmE8M=
44,-80,I9Miju3Eq3q10+lH3JexIsTRhVs=,LXiS7oiFwJNRPEp0dtNEO3GmE8M=
44,-75,I9Miju3Eq3q10+lH3JexIsTRhVs=,LXiS7oiFwJNRPEp0dtNEO3GmE8M=
35,-74,I9Miju3Eq3q10+lH3JexIsTRhVs=,LXiS7oiFwJNRPEp0dtNEO3GmE8M=
46,-75,I9Miju3Eq3q10+lH3JexIsTRhVs=,LXiS7oiFwJNRPEp0dtNEO3GmE8M=
36,-74,I9Miju3Eq3q10+lH3JexIsTRhVs=,LXiS7oiFwJNRPEp0dtNEO3GmE8M=
43,-80,I9Miju3Eq3q10+lH3JexIsTRhVs=,LXiS7oiFwJNRPEp0dtNEO3GmE8M=
43,-75,I9Miju3Eq3q10+lH3JexIsTRhVs=,LXiS7oiFwJNRPEp0dtNEO3GmE8M=
42,-75,I9Miju3Eq3q10+lH3JexIsTRhVs=,LXiS7oiFwJNRPEp0dtNEO3GmE8M=
40,-75,I9Miju3Eq3q10+lH3JexIsTRhVs=,LXiS7oiFwJNRPEp0dtNEO3GmE8M=
45,-75,I9Miju3Eq3q10+lH3JexIsTRhVs=,LXiS7oiFwJNRPEp0dtNEO3GmE8M=
38,-75,I9Miju3Eq3q10+lH3JexIsTRhVs=,LXiS7oiFwJNRPEp0dtNEO3GmE8M=
35,-75,I9Miju3Eq3q10+lH3JexIsTRhVs=,LXiS7oiFwJNRPEp0dtNEO3GmE8M=
37,-75,I9Miju3Eq3q10+lH3JexIsTRhVs=,LXiS7oiFwJNRPEp0dtNEO3GmE8M=
34,-75,I9Miju3Eq3q10+lH3JexIsTRhVs=,LXiS7oiFwJNRPEp0dtNEO3GmE8M=
32,-75,I9Miju3Eq3q10+lH3JexIsTRhVs=,LXiS7oiFwJNRPEp0dtNEO3GmE8M=
41,-75,I9Miju3Eq3q10+lH3JexIsTRhVs=,LXiS7oiFwJNRPEp0dtNEO3GmE8M=
39,-75,I9Miju3Eq3q10+lH3JexIsTRhVs=,LXiS7oiFwJNRPEp0dtNEO3GmE8M=
41,-80,I9Miju3Eq3q10+lH3JexIsTRhVs=,LXiS7oiFwJNRPEp0dtNEO3GmE8M=
43,-76,I9Miju3Eq3q10+lH3JexIsTRhVs=,LXiS7oiFwJNRPEp0dtNEO3GmE8M=
42,-76,I9Miju3Eq3q10+lH3JexIsTRhVs=,LXiS7oiFwJNRPEp0dtNEO3GmE8M=
44,-76,I9Miju3Eq3q10+lH3JexIsTRhVs=,LXiS7oiFwJNRPEp0dtNEO3GmE8M=
46,-76,I9Miju3Eq3q10+lH3JexIsTRhVs=,LXiS7oiFwJNRPEp0dtNEO3GmE8M=
45,-76,I9Miju3Eq3q10+lH3JexIsTRhVs=,LXiS7oiFwJNRPEp0dtNEO3GmE8M=
40,-78,I9Miju3Eq3q10+lH3JexIsTRhVs=,LXiS7oiFwJNRPEp0dtNEO3GmE8M=
42,-80,I9Miju3Eq3q10+lH3JexIsTRhVs=,LXiS7oiFwJNRPEp0dtNEO3GmE8M=
41,-76,I9Miju3Eq3q10+lH3JexIsTRhVs=,LXiS7oiFwJNRPEp0dtNEO3GmE8M=
40,-76,I9Miju3Eq3q10+lH3JexIsTRhVs=,LXiS7oiFwJNRPEp0dtNEO3GmE8M=
39,-76,I9Miju3Eq3q10+lH3JexIsTRhVs=,LXiS7oiFwJNRPEp0dtNEO3GmE8M=
36,-76,I9Miju3Eq3q10+lH3JexIsTRhVs=,LXiS7oiFwJNRPEp0dtNEO3GmE8M=
37,-76,I9Miju3Eq3q10+lH3JexIsTRhVs=,LXiS7oiFwJNRPEp0dtNEO3GmE8M=
35,-76,I9Miju3Eq3q10+lH3JexIsTRhVs=,LXiS7oiFwJNRPEp0dtNEO3GmE8M=
38,-76,I9Miju3Eq3q10+lH3JexIsTRhVs=,LXiS7oiFwJNRPEp0dtNEO3GmE8M=
34,-76,I9Miju3Eq3q10+lH3JexIsTRhVs=,LXiS7oiFwJNRPEp0dtNEO3GmE8M=
46,-66,I9Miju3Eq3q10+lH3JexIsTRhVs=,LXiS7oiFwJNRPEp0dtNEO3GmE8M=
33,-76,I9Miju3Eq3q10+lH3JexIsTRhVs=,LXiS7oiFwJNRPEp0dtNEO3GmE8M=
35,-66,I9Miju3Eq3q10+lH3JexIsTRhVs=,LXiS7oiFwJNRPEp0dtNEO3GmE8M=
33,-68,I9Miju3Eq3q10+lH3JexIsTRhVs=,LXiS7oiFwJNRPEp0dtNEO3GmE8M=
44,-68,I9Miju3Eq3q10+lH3JexIsTRhVs=,LXiS7oiFwJNRPEp0dtNEO3GmE8M=
45,-78,I9Miju3Eq3q10+lH3JexIsTRhVs=,LXiS7oiFwJNRPEp0dtNEO3GmE8M=
38,-72,I9Miju3Eq3q10+lH3JexIsTRhVs=,LXiS7oiFwJNRPEp0dtNEO3GmE8M=
38,-70,I9Miju3Eq3q10+lH3JexIsTRhVs=,LXiS7oiFwJNRPEp0dtNEO3GmE8M=
46,-80,I9Miju3Eq3q10+lH3JexIsTRhVs=,LXiS7oiFwJNRPEp0dtNEO3GmE8M=
45,-72,I9Miju3Eq3q10+lH3JexIsTRhVs=,LXiS7oiFwJNRPEp0dtNEO3GmE8M=
42,-72,I9Miju3Eq3q10+lH3JexIsTRhVs=,LXiS7oiFwJNRPEp0dtNEO3GmE8M=
34,-74,I9Miju3Eq3q10+lH3JexIsTRhVs=,LXiS7oiFwJNRPEp0dtNEO3GmE8M=
37,-74,I9Miju3Eq3q10+lH3JexIsTRhVs=,LXiS7oiFwJNRPEp0dtNEO3GmE8M=
36,-75,I9Miju3Eq3q10+lH3JexIsTRhVs=,LXiS7oiFwJNRPEp0dtNEO3GmE8M=
41,-74,I9Miju3Eq3q10+lH3JexIsTRhVs=,LXiS7oiFwJNRPEp0dtNEO3GmE8M=
33,-75,I9Miju3Eq3q10+lH3JexIsTRhVs=,LXiS7oiFwJNRPEp0dtNEO3GmE8M=
47,-75,I9Miju3Eq3q10+lH3JexIsTRhVs=,LXiS7oiFwJNRPEp0dtNEO3GmE8M=
47,-71,I9Miju3Eq3q10+lH3JexIsTRhVs=,LXiS7oiFwJNRPEp0dtNEO3GmE8M=
47,-76,I9Miju3Eq3q10+lH3JexIsTRhVs=,LXiS7oiFwJNRPEp0dtNEO3GmE8M=
47,-72,I9Miju3Eq3q10+lH3JexIsTRhVs=,LXiS7oiFwJNRPEp0dtNEO3GmE8M=
47,-74,I9Miju3Eq3q10+lH3JexIsTRhVs=,LXiS7oiFwJNRPEp0dtNEO3GmE8M=
47,-73,I9Miju3Eq3q10+lH3JexIsTRhVs=,LXiS7oiFwJNRPEp0dtNEO3GmE8M=
