-59,1,XzfD7G2oGXZDoNzT0PLTOpwoRvw=,LXiS7oiFwJNRPEp0dtNEO3GmE8M=
-60,5,XzfD7G2oGXZDoNzT0PLTOpwoRvw=,LXiS7oiFwJNRPEp0dtNEO3GmE8M=
-60,3,XzfD7G2oGXZDoNzT0PLTOpwoRvw=,LXiS7oiFwJNRPEp0dtNEO3GmE8M=
-60,2,XzfD7G2oGXZDoNzT0PLTOpwoRvw=,LXiS7oiFwJNRPEp0dtNEO3GmE8M=
-60,6,XzfD7G2oGXZDoNzT0PLTOpwoRvw=,LXiS7oiFwJNRPEp0dtNEO3GmE8M=
-60,4,XzfD7G2oGXZDoNzT0PLTOpwoRvw=,LXiS7oiFwJNRPEp0dtNEO3GmE8M=
-60,1,XzfD7G2oGXZDoNzT0PLTOpwoRvw=,LXiS7oiFwJNRPEp0dtNEO3GmE8M=
-60,9,XzfD7G2oGXZDoNzT0PLTOpwoRvw=,LXiS7oiFwJNRPEp0dtNEO3GmE8M=
-58,8,XzfD7G2oGXZDoNzT0PLTOpwoRvw=,LXiS7oiFwJNRPEp0dtNEO3GmE8M=
-59,9,XzfD7G2oGXZDoNzT0PLTOpwoRvw=,LXiS7oiFwJNRPEp0dtNEO3GmE8M=
-58,9,XzfD7G2oGXZDoNzT0PLTOpwoRvw=,LXiS7oiFwJNRPEp0dtNEO3GmE8M=
-60,10,XzfD7G2oGXZDoNzT0PLTOpwoRvw=,LXiS7oiFwJNRPEp0dtNEO3GmE8M=
-59,10,XzfD7G2oGXZDoNzT0PLTOpwoRvw=,LXiS7oiFwJNRPEp0dtNEO3GmE8M=
-58,10,XzfD7G2oGXZDoNzT0PLTOpwoRvw=,LXiS7oiFwJNRPEp0dtNEO3GmE8M=
-60,11,XzfD7G2oGXZDoNzT0PLTOpwoRvw=,LXiS7oiFwJNRPEp0dtNEO3GmE8M=
-59,11,XzfD7G2oGXZDoNzT0PLTOpwoRvw=,LXiS7oiFwJNRPEp0dtNEO3GmE8M=
-58,11,XzfD7G2oGXZDoNzT0PLTOpwoRvw=,LXiS7oiFwJNRPEp0dtNEO3GmE8M=
-60,12,XzfD7G2oGXZDoNzT0PLTOpwoRvw=,LXiS7oiFwJNRPEp0dtNEO3GmE8M=
-59,12,XzfD7G2oGXZDoNzT0PLTOpwoRvw=,LXiS7oiFwJNRPEp0dtNEO3GmE8M=
-58,12,XzfD7G2oGXZDoNzT0PLTOpwoRvw=,LXiS7oiFwJNRPEp0dtNEO3GmE8M=
-60,13,XzfD7G2oGXZDoNzT0PLTOpwoRvw=,LXiS7oiFwJNRPEp0dtNEO3GmE8M=
-59,13,XzfD7G2oGXZDoNzT0PLTOpwoRvw=,LXiS7oiFwJNRPEp0dtNEO3GmE8M=
-53,4,XzfD7G2oGXZDoNzT0PLTOpwoRvw=,LXiS7oiFwJNRPEp0dtNEO3GmE8M=
-59,8,XzfD7G2oGXZDoNzT0PLTOpwoRvw=,LXiS7oiFwJNRPEp0dtNEO3GmE8M=
-51,4,XzfD7G2oGXZDoNzT0PLTOpwoRvw=,LXiS7oiFwJNRPEp0dtNEO3GmE8M=
-50,4,XzfD7G2oGXZDoNzT0PLTOpwoRvw=,LXiS7oiFwJNRPEp0dtNEO3GmE8M=
-49,4,XzfD7G2oGXZDoNzT0PLTOpwoRvw=,LXiS7oiFwJNRPEp0dtNEO3GmE8M=
-52,4,XzfD7G2oGXZDoNzT0PLTOpwoRvw=,LXiS7oiFwJNRPEp0dtNEO3GmE8M=
-54,5,XzfD7G2oGXZDoNzT0PLTOpwoRvw=,LXiS7oiFwJNRPEp0dtNEO3GmE8M=
-52,5,XzfD7G2oGXZDoNzT0PLTOpwoRvw=,LXiS7oiFwJNRPEp0dtNEO3GmE8M=
-53,5,XzfD7G2oGXZDoNzT0PLTOpwoRvw=,LXiS7oiFwJNRPEp0dtNEO3GmE8M=
-50,5,XzfD7G2oGXZDoNzT0PLTOpwoRvw=,LXiS7oiFwJNRPEp0dtNEO3GmE8M=
-51,5,XzfD7G2oGXZDoNzT0PLTOpwoRvw=,LXiS7oiFwJNRPEp0dtNEO3GmE8M=
-49,5,XzfD7G2oGXZDoNzT0PLTOpwoRvw=,LXiS7oiFwJNRPEp0dtNEO3GmE8M=
-55,6,XzfD7G2oGXZDoNzT0PLTOpwoRvw=,LXiS7oiFwJNRPEp0dtNEO3GmE8M=
-54,6,XzfD7G2oGXZDoNzT0PLTOpwoRvw=,LXiS7oiFwJNRPEp0dtNEO3GmE8M=
-52,6,XzfD7G2oGXZDoNzT0PLTOpwoRvw=,LXiS7oiFwJNRPEp0dtNEO3GmE8M=
-53,6,XzfD7G2oGXZDoNzT0PLTOpwoRvw=,LXiS7oiFwJNRPEp0dtNEO3GmE8M=
-51,6,XzfD7G2oGXZDoNzT0PLTOpwoRvw=,LXiS7oiFwJNRPEp0dtNEO3GmE8M=
-50,6,XzfD7G2oGXZDoNzT0PLTOpwoRvw=,LXiS7oiFwJNRPEp0dtNEO3GmE8M=
-49,6,XzfD7G2oGXZDoNzT0PLTOpwoRvw=,LXiS7oiFwJNRPEp0dtNEO3GmE8M=
-57,8,XzfD7G2oGXZDoNzT0PLTOpwoRvw=,LXiS7oiFwJNRPEp0dtNEO3GmE8M=
-56,11,XzfD7G2oGXZDoNzT0PLTOpwoRvw=,LXiS7oiFwJNRPEp0dtNEO3GmE8M=
-55,11,XzfD7G2oGXZDoNzT0PLTOpwoRvw=,LXiS7oiFwJNRPEp0dtNEO3GmE8M=
-57,9,XzfD7G2oGXZDoNzT0PLTOpwoRvw=,LXiS7oiFwJNRPEp0dtNEO3GmE8M=
-54,11,XzfD7G2oGXZDoNzT0PLTOpwoRvw=,LXiS7oiFwJNRPEp0dtNEO3GmE8M=
-57,10,XzfD7G2oGXZDoNzT0PLTOpwoRvw=,LXiS7oiFwJNRPEp0dtNEO3GmE8M=
-53,11,XzfD7G2oGXZDoNzT0PLTOpwoRvw=,LXiS7oiFwJNRPEp0dtNEO3GmE8M=
-51,11,XzfD7G2oGXZDoNzT0PLTOpwoRvw=,LXiS7oiFwJNRPEp0dtNEO3GmE8M=
-52,11,XzfD7G2oGXZDoNzT0PLTOpwoRvw=,LXiS7oiFwJNRPEp0dtNEO3GmE8M=
-50,11,XzfD7G2oGXZDoNzT0PLTOpwoRvw=,LXiS7oiFwJNRPEp0dtNEO3GmE8M=
-57,11,XzfD7G2oGXZDoNzT0PLTOpwoRvw=,LXiS7oiFwJNRPEp0dtNEO3GmE8M=
-57,12,XzfD7G2oGXZDoNzT0PLTOpwoRvw=,LXiS7oiFwJNRPEp0dtNEO3GmE8M=
-57,13,XzfD7G2oGXZDoNzT0PLTOpwoRvw=,LXiS7oiFwJNRPEp0dtNEO3GmE8M=
-56,12,XzfD7G2oGXZDoNzT0PLTOpwoRvw=,LXiS7oiFwJNRPEp0dtNEO3GmE8M=
-57,14,XzfD7G2oGXZDoNzT0PLTOpwoRvw=,LXiS7oiFwJNRPEp0dtNEO3GmE8M=
-55,12,XzfD7G2oGXZDoNzT0PLTOpwoRvw=,LXiS7oiFwJNRPEp0dtNEO3GmE8M=
-53,12,XzfD7G2oGXZDoNzT0PLTOpwoRvw=,LXiS7oiFwJNRPEp0dtNEO3GmE8M=
-54,12,XzfD7G2oGXZDoNzT0PLTOpwoRvw=,LXiS7oiFwJNRPEp0dtNEO3GmE8M=
-51,12,XzfD7G2oGXZDoNzT0PLTOpwoRvw=,LXiS7oiFwJNRPEp0dtNEO3GmE8M=
-56,13,XzfD7G2oGXZDoNzT0PLTOpwoRvw=,LXiS7oiFwJNRPEp0dtNEO3GmE8M=
-50,12,XzfD7G2oGXZDoNzT0PLTOpwoRvw=,LXiS7oiFwJNRPEp0dtNEO3GmE8M=
-52,12,XzfD7G2oGXZDoNzT0PLTOpwoRvw=,LXiS7oiFwJNRPEp0dtNEO3GmE8M=
-55,13,XzfD7G2oGXZDoNzT0PLTOpwoRvw=,LXiS7oiFwJNRPEp0dtNEO3GmE8M=
-56,8,XzfD7G2oGXZDoNzT0PLTOpwoRvw=,LXiS7oiFwJNRPEp0dtNEO3GmE8M=
-55,8,XzfD7G2oGXZDoNzT0PLTOpwoRvw=,LXiS7oiFwJNRPEp0dtNEO3GmE8M=
-54,8,XzfD7G2oGXZDoNzT0PLTOpwoRvw=,LXiS7oiFwJNRPEp0dtNEO3GmE8M=
-54,13,XzfD7G2oGXZDoNzT0PLTOpwoRvw=,LXiS7oiFwJNRPEp0dtNEO3GmE8M=
-53,13,XzfD7G2oGXZDoNzT0PLTOpwoRvw=,LXiS7oiFwJNRPEp0dtNEO3GmE8M=
-53,8,XzfD7G2oGXZDoNzT0PLTOpwoRvw=,LXiS7oiFwJNRPEp0dtNEO3GmE8M=
-52,8,XzfD7G2oGXZDoNzT0PLTOpwoRvw=,LXiS7oiFwJNRPEp0dtNEO3GmE8M=
-51,8,XzfD7G2oGXZDoNzT0PLTOpwoRvw=,LXiS7oiFwJNRPEp0dtNEO3GmE8M=
-50,8,XzfD7G2oGXZDoNzT0PLTOpwoRvw=,LXiS7oiFwJNRPEp0dtNEO3GmE8M=
-52,13,XzfD7G2oGXZDoNzT0PLTOpwoRvw=,LXiS7oiFwJNRPEp0dtNEO3GmE8M=
-56,9,XzfD7G2oGXZDoNzT0PLTOpwoRvw=,LXiS7oiFwJNRPEp0dtNEO3GmE8M=
-51,13,XzfD7G2oGXZDoNzT0PLTOpwoRvw=,LXiS7oiFwJNRPEp0dtNEO3GmE8M=
-50,13,XzfD7G2oGXZDoNzT0PLTOpwoRvw=,LXiS7oiFwJNRPEp0dtNEO3GmE8M=
-55,9,XzfD7G2oGXZDoNzT0PLTOpwoRvw=,LXiS7oiFwJNRPEp0dtNEO3GmE8M=
-54,9,XzfD7G2oGXZDoNzT0PLTOpwoRvw=,LXiS7oiFwJNRPEp0dtNEO3GmE8M=
-56,14,XzfD7G2oGXZDoNzT0PLTOpwoRvw=,LXiS7oiFwJNRPEp0dtNEO3GmE8M=
-55,14,XzfD7G2oGXZDoNzT0PLTOpwoRvw=,LXiS7oiFwJNRPEp0dtNEO3GmE8M=
-54,14,XzfD7G2oGXZDoNzT0PLTOpwoRvw=,LXiS7oiFwJNRPEp0dtNEO3GmE8M=
-57,7,XzfD7G2oGXZDoNzT0PLTOpwoRvw=,LXiS7oiFwJNRPEp0dtNEO3GmE8M=
-53,14,XzfD7G2oGXZDoNzT0PLTOpwoRvw=,LXiS7oiFwJNRPEp0dtNEO3GmE8M=
-51,14,XzfD7G2oGXZDoNzT0PLTOpwoRvw=,LXiS7oiFwJNRPEp0dtNEO3GmE8M=
-52,14,XzfD7G2oGXZDoNzT0PLTOpwoRvw=,LXiS7oiFwJNRPEp0dtNEO3GmE8M=
-50,14,XzfD7G2oGXZDoNzT0PLTOpwoRvw=,LXiS7oiFwJNRPEp0dtNEO3GmE8M=
-53,9,XzfD7G2oGXZDoNzT0PLTOpwoRvw=,LXiS7oiFwJNRPEp0dtNEO3GmE8M=
-51,9,XzfD7G2oGXZDoNzT0PLTOpwoRvw=,LXiS7oiFwJNRPEp0dtNEO3GmE8M=
-52,9,XzfD7G2oGXZDoNzT0PLTOpwoRvw=,LXiS7oiFwJNRPEp0dtNEO3GmE8M=
-50,9,XzfD7G2oGXZDoNzT0PLTOpwoRvw=,LXiS7oiFwJNRPEp0dtNEO3GmE8M=
-56,10,XzfD7G2oGXZDoNzT0PLTOpwoRvw=,LXiS7oiFwJNRPEp0dtNEO3GmE8M=
-55,10,XzfD7G2oGXZDoNzT0PLTOpwoRvw=,LXiS7oiFwJNRPEp0dtNEO3GmE8M=
-56,7,XzfD7G2oGXZDoNzT0PLTOpwoRvw=,LXiS7oiFwJNRPEp0dtNEO3GmE8M=
-55,7,XzfD7G2oGXZDoNzT0PLTOpwoRvw=,LXiS7oiFwJNRPEp0dtNEO3GmE8M=
-54,10,XzfD7G2oGXZDoNzT0PLTOpwoRvw=,LXiS7oiFwJNRPEp0dtNEO3GmE8M=
-53,10,XzfD7G2oGXZDoNzT0PLTOpwoRvw=,LXiS7oiFwJNRPEp0dtNEO3GmE8M=
-52,10,XzfD7G2oGXZDoNzT0PLTOpwoRvw=,LXiS7oiFwJNRPEp0dtNEO3GmE8M=
-54,7,XzfD7G2oGXZDoNzT0PLTOpwoRvw=,LXiS7oiFwJNRPEp0dtNEO3GmE8M=
-53,7,XzfD7G2oGXZDoNzT0PLTOpwoRvw=,LXiS7oiFwJNRPEp0dtNEO3GmE8M=
-51,10,XzfD7G2oGXZDoNzT0PLTOpwoRvw=,LXiS7oiFwJNRPEp0dtNEO3GmE8M=
-51,7,XzfD7G2oGXZDoNzT0PLTOpwoRvw=,LXiS7oiFwJNRPEp0dtNEO3GmE8M=
-50,7,XzfD7G2oGXZDoNzT0PLTOpwoRvw=,LXiS7oiFwJNRPEp0dtNEO3GmE8M=
-50,10,XzfD7G2oGXZDoNzT0PLTOpwoRvw=,LXiS7oiFwJNRPEp0dtNEO3GmE8M=
-52,7,XzfD7G2oGXZDoNzT0PLTOpwoRvw=,LXiS7oiFwJNRPEp0dtNEO3GmE8M=
-60,8,XzfD7G2oGXZDoNzT0PLTOpwoRvw=,LXiS7oiFwJNRPEp0dtNEO3GmE8M=
-56,6,XzfD7G2oGXZDoNzT0PLTOpwoRvw=,LXiS7oiFwJNRPEp0dtNEO3GmE8M=
-58,7,XzfD7G2oGXZDoNzT0PLTOpwoRvw=,LXiS7oiFwJNRPEp0dtNEO3GmE8M=
-54,0,XzfD7G2oGXZDoNzT0PLTOpwoRvw=,LXiS7oiFwJNRPEp0dtNEO3GmE8M=
-53,0,XzfD7G2oGXZDoNzT0PLTOpwoRvw=,LXiS7oiFwJNRPEp0dtNEO3GmE8M=
-52,0,XzfD7G2oGXZDoNzT0PLTOpwoRvw=,LXiS7oiFwJNRPEp0dtNEO3GmE8M=
-55,0,XzfD7G2oGXZDoNzT0PLTOpwoRvw=,LXiS7oiFwJNRPEp0dtNEO3GmE8M=
-50,0,XzfD7G2oGXZDoNzT0PLTOpwoRvw=,LXiS7oiFwJNRPEp0dtNEO3GmE8M=
-55,5,XzfD7G2oGXZDoNzT0PLTOpwoRvw=,LXiS7oiFwJNRPEp0dtNEO3GmE8M=
-51,0,XzfD7G2oGXZDoNzT0PLTOpwoRvw=,LXiS7oiFwJNRPEp0dtNEO3GmE8M=
-53,1,XzfD7G2oGXZDoNzT0PLTOpwoRvw=,LXiS7oiFwJNRPEp0dtNEO3GmE8M=
-59,7,XzfD7G2oGXZDoNzT0PLTOpwoRvw=,LXiS7oiFwJNRPEp0dtNEO3GmE8M=
-49,10,XzfD7G2oGXZDoNzT0PLTOpwoRvw=,LXiS7oiFwJNRPEp0dtNEO3GmE8M=
-49,11,XzfD7G2oGXZDoNzT0PLTOpwoRvw=,LXiS7oiFwJNRPEp0dtNEO3GmE8M=
-49,13,XzfD7G2oGXZDoNzT0PLTOpwoRvw=,LXiS7oiFwJNRPEp0dtNEO3GmE8M=
-49,12,XzfD7G2oGXZDoNzT0PLTOpwoRvw=,LXiS7oiFwJNRPEp0dtNEO3GmE8M=
-49,8,XzfD7G2oGXZDoNzT0PLTOpwoRvw=,LXiS7oiFwJNRPEp0dtNEO3GmE8M=
-49,9,XzfD7G2oGXZDoNzT0PLTOpwoRvw=,LXiS7oiFwJNRPEp0dtNEO3GmE8M=
-58,14,XzfD7G2oGXZDoNzT0PLTOpwoRvw=,LXiS7oiFwJNRPEp0dtNEO3GmE8M=
-49,7,XzfD7G2oGXZDoNzT0PLTOpwoRvw=,LXiS7oiFwJNRPEp0dtNEO3GmE8M=
-49,14,XzfD7G2oGXZDoNzT0PLTOpwoRvw=,LXiS7oiFwJNRPEp0dtNEO3GmE8M=
-54,1,XzfD7G2oGXZDoNzT0PLTOpwoRvw=,LXiS7oiFwJNRPEp0dtNEO3GmE8M=
-54,4,XzfD7G2oGXZDoNzT0PLTOpwoRvw=,LXiS7oiFwJNRPEp0dtNEO3GmE8M=
-59,4,XzfD7G2oGXZDoNzT0PLTOpwoRvw=,LXiS7oiFwJNRPEp0dtNEO3GmE8M=
-56,5,XzfD7G2oGXZDoNzT0PLTOpwoRvw=,LXiS7oiFwJNRPEp0dtNEO3GmE8M=
-57,5,XzfD7G2oGXZDoNzT0PLTOpwoRvw=,LXiS7oiFwJNRPEp0dtNEO3GmE8M=
-59,14,XzfD7G2oGXZDoNzT0PLTOpwoRvw=,LXiS7oiFwJNRPEp0dtNEO3GmE8M=
-60,7,XzfD7G2oGXZDoNzT0PLTOpwoRvw=,LXiS7oiFwJNRPEp0dtNEO3GmE8M=
-59,0,XzfD7G2oGXZDoNzT0PLTOpwoRvw=,LXiS7oiFwJNRPEp0dtNEO3GmE8M=
-59,6,XzfD7G2oGXZDoNzT0PLTOpwoRvw=,LXiS7oiFwJNRPEp0dtNEO3GmE8M=
-58,13,XzfD7G2oGXZDoNzT0PLTOpwoRvw=,LXiS7oiFwJNRPEp0dtNEO3GmE8M=
-49,0,XzfD7G2oGXZDoNzT0PLTOpwoRvw=,LXiS7oiFwJNRPEp0dtNEO3GmE8M=
-56,4,XzfD7G2oGXZDoNzT0PLTOpwoRvw=,LXiS7oiFwJNRPEp0dtNEO3GmE8M=
-56,0,XzfD7G2oGXZDoNzT0PLTOpwoRvw=,LXiS7oiFwJNRPEp0dtNEO3GmE8M=
-58,0,XzfD7G2oGXZDoNzT0PLTOpwoRvw=,LXiS7oiFwJNRPEp0dtNEO3GmE8M=
-57,3,XzfD7G2oGXZDoNzT0PLTOpwoRvw=,LXiS7oiFwJNRPEp0dtNEO3GmE8M=
-55,1,XzfD7G2oGXZDoNzT0PLTOpwoRvw=,LXiS7oiFwJNRPEp0dtNEO3GmE8M=
-59,2,XzfD7G2oGXZDoNzT0PLTOpwoRvw=,LXiS7oiFwJNRPEp0dtNEO3GmE8M=
-57,6,XzfD7G2oGXZDoNzT0PLTOpwoRvw=,LXiS7oiFwJNRPEp0dtNEO3GmE8M=
-59,3,XzfD7G2oGXZDoNzT0PLTOpwoRvw=,LXiS7oiFwJNRPEp0dtNEO3GmE8M=
-55,4,XzfD7G2oGXZDoNzT0PLTOpwoRvw=,LXiS7oiFwJNRPEp0dtNEO3GmE8M=
-51,3,XzfD7G2oGXZDoNzT0PLTOpwoRvw=,LXiS7oiFwJNRPEp0dtNEO3GmE8M=
-59,5,XzfD7G2oGXZDoNzT0PLTOpwoRvw=,LXiS7oiFwJNRPEp0dtNEO3GmE8M=
-57,0,XzfD7G2oGXZDoNzT0PLTOpwoRvw=,LXiS7oiFwJNRPEp0dtNEO3GmE8M=
-51,1,XzfD7G2oGXZDoNzT0PLTOpwoRvw=,LXiS7oiFwJNRPEp0dtNEO3GmE8M=
-50,1,XzfD7G2oGXZDoNzT0PLTOpwoRvw=,LXiS7oiFwJNRPEp0dtNEO3GmE8M=
-60,14,XzfD7G2oGXZDoNzT0PLTOpwoRvw=,LXiS7oiFwJNRPEp0dtNEO3GmE8M=
-58,3,XzfD7G2oGXZDoNzT0PLTOpwoRvw=,LXiS7oiFwJNRPEp0dtNEO3GmE8M=
-50,3,XzfD7G2oGXZDoNzT0PLTOpwoRvw=,LXiS7oiFwJNRPEp0dtNEO3GmE8M=
-60,0,XzfD7G2oGXZDoNzT0PLTOpwoRvw=,LXiS7oiFwJNRPEp0dtNEO3GmE8M=
-58,2,XzfD7G2oGXZDoNzT0PLTOpwoRvw=,LXiS7oiFwJNRPEp0dtNEO3GmE8M=
-52,3,XzfD7G2oGXZDoNzT0PLTOpwoRvw=,LXiS7oiFwJNRPEp0dtNEO3GmE8M=
-58,4,XzfD7G2oGXZDoNzT0PLTOpwoRvw=,LXiS7oiFwJNRPEp0dtNEO3GmE8M=
-58,6,XzfD7G2oGXZDoNzT0PLTOpwoRvw=,LXiS7oiFwJNRPEp0dtNEO3GmE8M=
-49,1,XzfD7G2oGXZDoNzT0PLTOpwoRvw=,LXiS7oiFwJNRPEp0dtNEO3GmE8M=
-53,3,XzfD7G2oGXZDoNzT0PLTOpwoRvw=,LXiS7oiFwJNRPEp0dtNEO3GmE8M=
-52,1,XzfD7G2oGXZDoNzT0PLTOpwoRvw=,LXiS7oiFwJNRPEp0dtNEO3GmE8M=
-49,3,XzfD7G2oGXZDoNzT0PLTOpwoRvw=,LXiS7oiFwJNRPEp0dtNEO3GmE8M=
-52,2,XzfD7G2oGXZDoNzT0PLTOpwoRvw=,LXiS7oiFwJNRPEp0dtNEO3GmE8M=
-58,1,XzfD7G2oGXZDoNzT0PLTOpwoRvw=,LXiS7oiFwJNRPEp0dtNEO3GmE8M=
-56,1,XzfD7G2oGXZDoNzT0PLTOpwoRvw=,LXiS7oiFwJNRPEp0dtNEO3GmE8M=
-51,2,XzfD7G2oGXZDoNzT0PLTOpwoRvw=,LXiS7oiFwJNRPEp0dtNEO3GmE8M=
-49,2,XzfD7G2oGXZDoNzT0PLTOpwoRvw=,LXiS7oiFwJNRPEp0dtNEO3GmE8M=
-57,1,XzfD7G2oGXZDoNzT0PLTOpwoRvw=,LXiS7oiFwJNRPEp0dtNEO3GmE8M=
-57,2,XzfD7G2oGXZDoNzT0PLTOpwoRvw=,LXiS7oiFwJNRPEp0dtNEO3GmE8M=
-57,4,XzfD7G2oGXZDoNzT0PLTOpwoRvw=,LXiS7oiFwJNRPEp0dtNEO3GmE8M=
-54,2,XzfD7G2oGXZDoNzT0PLTOpwoRvw=,LXiS7oiFwJNRPEp0dtNEO3GmE8M=
-54,3,XzfD7G2oGXZDoNzT0PLTOpwoRvw=,LXiS7oiFwJNRPEp0dtNEO3GmE8M=
-55,3,XzfD7G2oGXZDoNzT0PLTOpwoRvw=,LXiS7oiFwJNRPEp0dtNEO3GmE8M=
-56,2,XzfD7G2oGXZDoNzT0PLTOpwoRvw=,LXiS7oiFwJNRPEp0dtNEO3GmE8M=
-56,3,XzfD7G2oGXZDoNzT0PLTOpwoRvw=,LXiS7oiFwJNRPEp0dtNEO3GmE8M=
-55,2,XzfD7G2oGXZDoNzT0PLTOpwoRvw=,LXiS7oiFwJNRPEp0dtNEO3GmE8M=
-50,2,XzfD7G2oGXZDoNzT0PLTOpwoRvw=,LXiS7oiFwJNRPEp0dtNEO3GmE8M=
-58,5,XzfD7G2oGXZDoNzT0PLTOpwoRvw=,LXiS7oiFwJNRPEp0dtNEO3GmE8M=
-60,15,XzfD7G2oGXZDoNzT0PLTOpwoRvw=,LXiS7oiFwJNRPEp0dtNEO3GmE8M=
-58,15,XzfD7G2oGXZDoNzT0PLTOpwoRvw=,LXiS7oiFwJNRPEp0dtNEO3GmE8M=
-59,15,XzfD7G2oGXZDoNzT0PLTOpwoRvw=,LXiS7oiFwJNRPEp0dtNEO3GmE8M=
-49,15,XzfD7G2oGXZDoNzT0PLTOpwoRvw=,LXiS7oiFwJNRPEp0dtNEO3GmE8M=
-53,2,XzfD7G2oGXZDoNzT0PLTOpwoRvw=,LXiS7oiFwJNRPEp0dtNEO3GmE8M=
-57,15,XzfD7G2oGXZDoNzT0PLTOpwoRvw=,LXiS7oiFwJNRPEp0dtNEO3GmE8M=
-56,15,XzfD7G2oGXZDoNzT0PLTOpwoRvw=,LXiS7oiFwJNRPEp0dtNEO3GmE8M=
-50,15,XzfD7G2oGXZDoNzT0PLTOpwoRvw=,LXiS7oiFwJNRPEp0dtNEO3GmE8M=
-55,15,XzfD7G2oGXZDoNzT0PLTOpwoRvw=,LXiS7oiFwJNRPEp0dtNEO3GmE8M=
-54,15,XzfD7G2oGXZDoNzT0PLTOpwoRvw=,LXiS7oiFwJNRPEp0dtNEO3GmE8M=
-51,15,XzfD7G2oGXZDoNzT0PLTOpwoRvw=,LXiS7oiFwJNRPEp0dtNEO3GmE8M=
-53,15,XzfD7G2oGXZDoNzT0PLTOpwoRvw=,LXiS7oiFwJNRPEp0dtNEO3GmE8M=
-52,15,XzfD7G2oGXZDoNzT0PLTOpwoRvw=,LXiS7oiFwJNRPEp0dtNEO3GmE8M=
-58,22,XzfD7G2oGXZDoNzT0PLTOpwoRvw=,LXiS7oiFwJNRPEp0dtNEO3GmE8M=
-59,20,XzfD7G2oGXZDoNzT0PLTOpwoRvw=,LXiS7oiFwJNRPEp0dtNEO3GmE8M=
-60,17,XzfD7G2oGXZDoNzT0PLTOpwoRvw=,LXiS7oiFwJNRPEp0dtNEO3GmE8M=
-60,18,XzfD7G2oGXZDoNzT0PLTOpwoRvw=,LXiS7oiFwJNRPEp0dtNEO3GmE8M=
-59,17,XzfD7G2oGXZDoNzT0PLTOpwoRvw=,LXiS7oiFwJNRPEp0dtNEO3GmE8M=
-58,17,XzfD7G2oGXZDoNzT0PLTOpwoRvw=,LXiS7oiFwJNRPEp0dtNEO3GmE8M=
-59,18,XzfD7G2oGXZDoNzT0PLTOpwoRvw=,LXiS7oiFwJNRPEp0dtNEO3GmE8M=
-58,18,XzfD7G2oGXZDoNzT0PLTOpwoRvw=,LXiS7oiFwJNRPEp0dtNEO3GmE8M=
-60,19,XzfD7G2oGXZDoNzT0PLTOpwoRvw=,LXiS7oiFwJNRPEp0dtNEO3GmE8M=
-59,19,XzfD7G2oGXZDoNzT0PLTOpwoRvw=,LXiS7oiFwJNRPEp0dtNEO3GmE8M=
-60,21,XzfD7G2oGXZDoNzT0PLTOpwoRvw=,LXiS7oiFwJNRPEp0dtNEO3GmE8M=
-59,21,XzfD7G2oGXZDoNzT0PLTOpwoRvw=,LXiS7oiFwJNRPEp0dtNEO3GmE8M=
-58,21,XzfD7G2oGXZDoNzT0PLTOpwoRvw=,LXiS7oiFwJNRPEp0dtNEO3GmE8M=
-58,19,XzfD7G2oGXZDoNzT0PLTOpwoRvw=,LXiS7oiFwJNRPEp0dtNEO3GmE8M=
-60,22,XzfD7G2oGXZDoNzT0PLTOpwoRvw=,LXiS7oiFwJNRPEp0dtNEO3GmE8M=
-59,22,XzfD7G2oGXZDoNzT0PLTOpwoRvw=,LXiS7oiFwJNRPEp0dtNEO3GmE8M=
-60,20,XzfD7G2oGXZDoNzT0PLTOpwoRvw=,LXiS7oiFwJNRPEp0dtNEO3GmE8M=
-58,20,XzfD7G2oGXZDoNzT0PLTOpwoRvw=,LXiS7oiFwJNRPEp0dtNEO3GmE8M=
-55,27,XzfD7G2oGXZDoNzT0PLTOpwoRvw=,LXiS7oiFwJNRPEp0dtNEO3GmE8M=
-50,26,XzfD7G2oGXZDoNzT0PLTOpwoRvw=,LXiS7oiFwJNRPEp0dtNEO3GmE8M=
-51,26,XzfD7G2oGXZDoNzT0PLTOpwoRvw=,LXiS7oiFwJNRPEp0dtNEO3GmE8M=
-52,26,XzfD7G2oGXZDoNzT0PLTOpwoRvw=,LXiS7oiFwJNRPEp0dtNEO3GmE8M=
-53,26,XzfD7G2oGXZDoNzT0PLTOpwoRvw=,LXiS7oiFwJNRPEp0dtNEO3GmE8M=
-54,26,XzfD7G2oGXZDoNzT0PLTOpwoRvw=,LXiS7oiFwJNRPEp0dtNEO3GmE8M=
-50,30,XzfD7G2oGXZDoNzT0PLTOpwoRvw=,LXiS7oiFwJNRPEp0dtNEO3GmE8M=
-51,30,XzfD7G2oGXZDoNzT0PLTOpwoRvw=,LXiS7oiFwJNRPEp0dtNEO3GmE8M=
-55,26,XzfD7G2oGXZDoNzT0PLTOpwoRvw=,LXiS7oiFwJNRPEp0dtNEO3GmE8M=
-52,30,XzfD7G2oGXZDoNzT0PLTOpwoRvw=,LXiS7oiFwJNRPEp0dtNEO3GmE8M=
-53,30,XzfD7G2oGXZDoNzT0PLTOpwoRvw=,LXiS7oiFwJNRPEp0dtNEO3GmE8M=
-50,25,XzfD7G2oGXZDoNzT0PLTOpwoRvw=,LXiS7oiFwJNRPEp0dtNEO3GmE8M=
-54,30,XzfD7G2oGXZDoNzT0PLTOpwoRvw=,LXiS7oiFwJNRPEp0dtNEO3GmE8M=
-51,25,XzfD7G2oGXZDoNzT0PLTOpwoRvw=,LXiS7oiFwJNRPEp0dtNEO3GmE8M=
-55,30,XzfD7G2oGXZDoNzT0PLTOpwoRvw=,LXiS7oiFwJNRPEp0dtNEO3GmE8M=
-50,29,XzfD7G2oGXZDoNzT0PLTOpwoRvw=,LXiS7oiFwJNRPEp0dtNEO3GmE8M=
-52,25,XzfD7G2oGXZDoNzT0PLTOpwoRvw=,LXiS7oiFwJNRPEp0dtNEO3GmE8M=
-53,25,XzfD7G2oGXZDoNzT0PLTOpwoRvw=,LXiS7oiFwJNRPEp0dtNEO3GmE8M=
-51,29,XzfD7G2oGXZDoNzT0PLTOpwoRvw=,LXiS7oiFwJNRPEp0dtNEO3GmE8M=
-52,29,XzfD7G2oGXZDoNzT0PLTOpwoRvw=,LXiS7oiFwJNRPEp0dtNEO3GmE8M=
-54,29,XzfD7G2oGXZDoNzT0PLTOpwoRvw=,LXiS7oiFwJNRPEp0dtNEO3GmE8M=
-55,29,XzfD7G2oGXZDoNzT0PLTOpwoRvw=,LXiS7oiFwJNRPEp0dtNEO3GmE8M=
-53,29,XzfD7G2oGXZDoNzT0PLTOpwoRvw=,LXiS7oiFwJNRPEp0dtNEO3GmE8M=
-50,28,XzfD7G2oGXZDoNzT0PLTOpwoRvw=,LXiS7oiFwJNRPEp0dtNEO3GmE8M=
-54,25,XzfD7G2oGXZDoNzT0PLTOpwoRvw=,LXiS7oiFwJNRPEp0dtNEO3GmE8M=
-51,28,XzfD7G2oGXZDoNzT0PLTOpwoRvw=,LXiS7oiFwJNRPEp0dtNEO3GmE8M=
-52,28,XzfD7G2oGXZDoNzT0PLTOpwoRvw=,LXiS7oiFwJNRPEp0dtNEO3GmE8M=
-53,28,XzfD7G2oGXZDoNzT0PLTOpwoRvw=,LXiS7oiFwJNRPEp0dtNEO3GmE8M=
-55,25,XzfD7G2oGXZDoNzT0PLTOpwoRvw=,LXiS7oiFwJNRPEp0dtNEO3GmE8M=
-54,28,XzfD7G2oGXZDoNzT0PLTOpwoRvw=,LXiS7oiFwJNRPEp0dtNEO3GmE8M=
-50,27,XzfD7G2oGXZDoNzT0PLTOpwoRvw=,LXiS7oiFwJNRPEp0dtNEO3GmE8M=
-51,27,XzfD7G2oGXZDoNzT0PLTOpwoRvw=,LXiS7oiFwJNRPEp0dtNEO3GmE8M=
-52,27,XzfD7G2oGXZDoNzT0PLTOpwoRvw=,LXiS7oiFwJNRPEp0dtNEO3GmE8M=
-55,28,XzfD7G2oGXZDoNzT0PLTOpwoRvw=,LXiS7oiFwJNRPEp0dtNEO3GmE8M=
-53,27,XzfD7G2oGXZDoNzT0PLTOpwoRvw=,LXiS7oiFwJNRPEp0dtNEO3GmE8M=
-54,27,XzfD7G2oGXZDoNzT0PLTOpwoRvw=,LXiS7oiFwJNRPEp0dtNEO3GmE8M=
-50,21,XzfD7G2oGXZDoNzT0PLTOpwoRvw=,LXiS7oiFwJNRPEp0dtNEO3GmE8M=
-52,17,XzfD7G2oGXZDoNzT0PLTOpwoRvw=,LXiS7oiFwJNRPEp0dtNEO3GmE8M=
-49,21,XzfD7G2oGXZDoNzT0PLTOpwoRvw=,LXiS7oiFwJNRPEp0dtNEO3GmE8M=
-56,22,XzfD7G2oGXZDoNzT0PLTOpwoRvw=,LXiS7oiFwJNRPEp0dtNEO3GmE8M=
-55,22,XzfD7G2oGXZDoNzT0PLTOpwoRvw=,LXiS7oiFwJNRPEp0dtNEO3GmE8M=
-51,17,XzfD7G2oGXZDoNzT0PLTOpwoRvw=,LXiS7oiFwJNRPEp0dtNEO3GmE8M=
-50,17,XzfD7G2oGXZDoNzT0PLTOpwoRvw=,LXiS7oiFwJNRPEp0dtNEO3GmE8M=
-54,22,XzfD7G2oGXZDoNzT0PLTOpwoRvw=,LXiS7oiFwJNRPEp0dtNEO3GmE8M=
-53,22,XzfD7G2oGXZDoNzT0PLTOpwoRvw=,LXiS7oiFwJNRPEp0dtNEO3GmE8M=
-52,22,XzfD7G2oGXZDoNzT0PLTOpwoRvw=,LXiS7oiFwJNRPEp0dtNEO3GmE8M=
-49,17,XzfD7G2oGXZDoNzT0PLTOpwoRvw=,LXiS7oiFwJNRPEp0dtNEO3GmE8M=
-51,22,XzfD7G2oGXZDoNzT0PLTOpwoRvw=,LXiS7oiFwJNRPEp0dtNEO3GmE8M=
-50,22,XzfD7G2oGXZDoNzT0PLTOpwoRvw=,LXiS7oiFwJNRPEp0dtNEO3GmE8M=
-56,18,XzfD7G2oGXZDoNzT0PLTOpwoRvw=,LXiS7oiFwJNRPEp0dtNEO3GmE8M=
-49,22,XzfD7G2oGXZDoNzT0PLTOpwoRvw=,LXiS7oiFwJNRPEp0dtNEO3GmE8M=
-55,18,XzfD7G2oGXZDoNzT0PLTOpwoRvw=,LXiS7oiFwJNRPEp0dtNEO3GmE8M=
-55,24,XzfD7G2oGXZDoNzT0PLTOpwoRvw=,LXiS7oiFwJNRPEp0dtNEO3GmE8M=
-54,24,XzfD7G2oGXZDoNzT0PLTOpwoRvw=,LXiS7oiFwJNRPEp0dtNEO3GmE8M=
-53,24,XzfD7G2oGXZDoNzT0PLTOpwoRvw=,LXiS7oiFwJNRPEp0dtNEO3GmE8M=
-57,22,XzfD7G2oGXZDoNzT0PLTOpwoRvw=,LXiS7oiFwJNRPEp0dtNEO3GmE8M=
-52,24,XzfD7G2oGXZDoNzT0PLTOpwoRvw=,LXiS7oiFwJNRPEp0dtNEO3GmE8M=
-51,24,XzfD7G2oGXZDoNzT0PLTOpwoRvw=,LXiS7oiFwJNRPEp0dtNEO3GmE8M=
-55,23,XzfD7G2oGXZDoNzT0PLTOpwoRvw=,LXiS7oiFwJNRPEp0dtNEO3GmE8M=
-50,24,XzfD7G2oGXZDoNzT0PLTOpwoRvw=,LXiS7oiFwJNRPEp0dtNEO3GmE8M=
-53,18,XzfD7G2oGXZDoNzT0PLTOpwoRvw=,LXiS7oiFwJNRPEp0dtNEO3GmE8M=
-52,18,XzfD7G2oGXZDoNzT0PLTOpwoRvw=,LXiS7oiFwJNRPEp0dtNEO3GmE8M=
-54,18,XzfD7G2oGXZDoNzT0PLTOpwoRvw=,LXiS7oiFwJNRPEp0dtNEO3GmE8M=
-54,23,XzfD7G2oGXZDoNzT0PLTOpwoRvw=,LXiS7oiFwJNRPEp0dtNEO3GmE8M=
-51,18,XzfD7G2oGXZDoNzT0PLTOpwoRvw=,LXiS7oiFwJNRPEp0dtNEO3GmE8M=
-53,23,XzfD7G2oGXZDoNzT0PLTOpwoRvw=,LXiS7oiFwJNRPEp0dtNEO3GmE8M=
-57,20,XzfD7G2oGXZDoNzT0PLTOpwoRvw=,LXiS7oiFwJNRPEp0dtNEO3GmE8M=
-52,23,XzfD7G2oGXZDoNzT0PLTOpwoRvw=,LXiS7oiFwJNRPEp0dtNEO3GmE8M=
-49,18,XzfD7G2oGXZDoNzT0PLTOpwoRvw=,LXiS7oiFwJNRPEp0dtNEO3GmE8M=
-56,19,XzfD7G2oGXZDoNzT0PLTOpwoRvw=,LXiS7oiFwJNRPEp0dtNEO3GmE8M=
-51,23,XzfD7G2oGXZDoNzT0PLTOpwoRvw=,LXiS7oiFwJNRPEp0dtNEO3GmE8M=
-50,18,XzfD7G2oGXZDoNzT0PLTOpwoRvw=,LXiS7oiFwJNRPEp0dtNEO3GmE8M=
-55,19,XzfD7G2oGXZDoNzT0PLTOpwoRvw=,LXiS7oiFwJNRPEp0dtNEO3GmE8M=
-50,23,XzfD7G2oGXZDoNzT0PLTOpwoRvw=,LXiS7oiFwJNRPEp0dtNEO3GmE8M=
-54,19,XzfD7G2oGXZDoNzT0PLTOpwoRvw=,LXiS7oiFwJNRPEp0dtNEO3GmE8M=
-57,17,XzfD7G2oGXZDoNzT0PLTOpwoRvw=,LXiS7oiFwJNRPEp0dtNEO3GmE8M=
-53,19,XzfD7G2oGXZDoNzT0PLTOpwoRvw=,LXiS7oiFwJNRPEp0dtNEO3GmE8M=
-52,19,XzfD7G2oGXZDoNzT0PLTOpwoRvw=,LXiS7oiFwJNRPEp0dtNEO3GmE8M=
-51,19,XzfD7G2oGXZDoNzT0PLTOpwoRvw=,LXiS7oiFwJNRPEp0dtNEO3GmE8M=
-57,18,XzfD7G2oGXZDoNzT0PLTOpwoRvw=,LXiS7oiFwJNRPEp0dtNEO3GmE8M=
-49,19,XzfD7G2oGXZDoNzT0PLTOpwoRvw=,LXiS7oiFwJNRPEp0dtNEO3GmE8M=
-55,20,XzfD7G2oGXZDoNzT0PLTOpwoRvw=,LXiS7oiFwJNRPEp0dtNEO3GmE8M=
-56,20,XzfD7G2oGXZDoNzT0PLTOpwoRvw=,LXiS7oiFwJNRPEp0dtNEO3GmE8M=
-50,19,XzfD7G2oGXZDoNzT0PLTOpwoRvw=,LXiS7oiFwJNRPEp0dtNEO3GmE8M=
-54,20,XzfD7G2oGXZDoNzT0PLTOpwoRvw=,LXiS7oiFwJNRPEp0dtNEO3GmE8M=
-53,20,XzfD7G2oGXZDoNzT0PLTOpwoRvw=,LXiS7oiFwJNRPEp0dtNEO3GmE8M=
-52,20,XzfD7G2oGXZDoNzT0PLTOpwoRvw=,LXiS7oiFwJNRPEp0dtNEO3GmE8M=
-51,20,XzfD7G2oGXZDoNzT0PLTOpwoRvw=,LXiS7oiFwJNRPEp0dtNEO3GmE8M=
-49,20,XzfD7G2oGXZDoNzT0PLTOpwoRvw=,LXiS7oiFwJNRPEp0dtNEO3GmE8M=
-50,20,XzfD7G2oGXZDoNzT0PLTOpwoRvw=,LXiS7oiFwJNRPEp0dtNEO3GmE8M=
-56,21,XzfD7G2oGXZDoNzT0PLTOpwoRvw=,LXiS7oiFwJNRPEp0dtNEO3GmE8M=
-56,17,XzfD7G2oGXZDoNzT0PLTOpwoRvw=,LXiS7oiFwJNRPEp0dtNEO3GmE8M=
-57,21,XzfD7G2oGXZDoNzT0PLTOpwoRvw=,LXiS7oiFwJNRPEp0dtNEO3GmE8M=
-55,21,XzfD7G2oGXZDoNzT0PLTOpwoRvw=,LXiS7oiFwJNRPEp0dtNEO3GmE8M=
-55,17,XzfD7G2oGXZDoNzT0PLTOpwoRvw=,LXiS7oiFwJNRPEp0dtNEO3GmE8M=
-57,19,XzfD7G2oGXZDoNzT0PLTOpwoRvw=,LXiS7oiFwJNRPEp0dtNEO3GmE8M=
-54,17,XzfD7G2oGXZDoNzT0PLTOpwoRvw=,LXiS7oiFwJNRPEp0dtNEO3GmE8M=
-53,17,XzfD7G2oGXZDoNzT0PLTOpwoRvw=,LXiS7oiFwJNRPEp0dtNEO3GmE8M=
-54,21,XzfD7G2oGXZDoNzT0PLTOpwoRvw=,LXiS7oiFwJNRPEp0dtNEO3GmE8M=
-53,21,XzfD7G2oGXZDoNzT0PLTOpwoRvw=,LXiS7oiFwJNRPEp0dtNEO3GmE8M=
-52,21,XzfD7G2oGXZDoNzT0PLTOpwoRvw=,LXiS7oiFwJNRPEp0dtNEO3GmE8M=
-51,21,XzfD7G2oGXZDoNzT0PLTOpwoRvw=,LXiS7oiFwJNRPEp0dtNEO3GmE8M=
-60,27,XzfD7G2oGXZDoNzT0PLTOpwoRvw=,LXiS7oiFwJNRPEp0dtNEO3GmE8M=
-59,27,XzfD7G2oGXZDoNzT0PLTOpwoRvw=,LXiS7oiFwJNRPEp0dtNEO3GmE8M=
-58,27,XzfD7G2oGXZDoNzT0PLTOpwoRvw=,LXiS7oiFwJNRPEp0dtNEO3GmE8M=
-57,27,XzfD7G2oGXZDoNzT0PLTOpwoRvw=,LXiS7oiFwJNRPEp0dtNEO3GmE8M=
-56,27,XzfD7G2oGXZDoNzT0PLTOpwoRvw=,LXiS7oiFwJNRPEp0dtNEO3GmE8M=
-60,28,XzfD7G2oGXZDoNzT0PLTOpwoRvw=,LXiS7oiFwJNRPEp0dtNEO3GmE8M=
-59,28,XzfD7G2oGXZDoNzT0PLTOpwoRvw=,LXiS7oiFwJNRPEp0dtNEO3GmE8M=
-58,28,XzfD7G2oGXZDoNzT0PLTOpwoRvw=,LXiS7oiFwJNRPEp0dtNEO3GmE8M=
-57,28,XzfD7G2oGXZDoNzT0PLTOpwoRvw=,LXiS7oiFwJNRPEp0dtNEO3GmE8M=
-60,29,XzfD7G2oGXZDoNzT0PLTOpwoRvw=,LXiS7oiFwJNRPEp0dtNEO3GmE8M=
-58,29,XzfD7G2oGXZDoNzT0PLTOpwoRvw=,LXiS7oiFwJNRPEp0dtNEO3GmE8M=
-57,29,XzfD7G2oGXZDoNzT0PLTOpwoRvw=,LXiS7oiFwJNRPEp0dtNEO3GmE8M=
-57,26,XzfD7G2oGXZDoNzT0PLTOpwoRvw=,LXiS7oiFwJNRPEp0dtNEO3GmE8M=
-59,29,XzfD7G2oGXZDoNzT0PLTOpwoRvw=,LXiS7oiFwJNRPEp0dtNEO3GmE8M=
-56,23,XzfD7G2oGXZDoNzT0PLTOpwoRvw=,LXiS7oiFwJNRPEp0dtNEO3GmE8M=
-60,30,XzfD7G2oGXZDoNzT0PLTOpwoRvw=,LXiS7oiFwJNRPEp0dtNEO3GmE8M=
-59,30,XzfD7G2oGXZDoNzT0PLTOpwoRvw=,LXiS7oiFwJNRPEp0dtNEO3GmE8M=
-58,26,XzfD7G2oGXZDoNzT0PLTOpwoRvw=,LXiS7oiFwJNRPEp0dtNEO3GmE8M=
-59,26,XzfD7G2oGXZDoNzT0PLTOpwoRvw=,LXiS7oiFwJNRPEp0dtNEO3GmE8M=
-58,30,XzfD7G2oGXZDoNzT0PLTOpwoRvw=,LXiS7oiFwJNRPEp0dtNEO3GmE8M=
-57,30,XzfD7G2oGXZDoNzT0PLTOpwoRvw=,LXiS7oiFwJNRPEp0dtNEO3GmE8M=
-56,24,XzfD7G2oGXZDoNzT0PLTOpwoRvw=,LXiS7oiFwJNRPEp0dtNEO3GmE8M=
-57,24,XzfD7G2oGXZDoNzT0PLTOpwoRvw=,LXiS7oiFwJNRPEp0dtNEO3GmE8M=
-56,28,XzfD7G2oGXZDoNzT0PLTOpwoRvw=,LXiS7oiFwJNRPEp0dtNEO3GmE8M=
-56,25,XzfD7G2oGXZDoNzT0PLTOpwoRvw=,LXiS7oiFwJNRPEp0dtNEO3GmE8M=
-57,25,XzfD7G2oGXZDoNzT0PLTOpwoRvw=,LXiS7oiFwJNRPEp0dtNEO3GmE8M=
-58,25,XzfD7G2oGXZDoNzT0PLTOpwoRvw=,LXiS7oiFwJNRPEp0dtNEO3GmE8M=
-58,24,XzfD7G2oGXZDoNzT0PLTOpwoRvw=,LXiS7oiFwJNRPEp0dtNEO3GmE8M=
-60,26,XzfD7G2oGXZDoNzT0PLTOpwoRvw=,LXiS7oiFwJNRPEp0dtNEO3GmE8M=
-59,25,XzfD7G2oGXZDoNzT0PLTOpwoRvw=,LXiS7oiFwJNRPEp0dtNEO3GmE8M=
-59,24,XzfD7G2oGXZDoNzT0PLTOpwoRvw=,LXiS7oiFwJNRPEp0dtNEO3GmE8M=
-60,23,XzfD7G2oGXZDoNzT0PLTOpwoRvw=,LXiS7oiFwJNRPEp0dtNEO3GmE8M=
-56,29,XzfD7G2oGXZDoNzT0PLTOpwoRvw=,LXiS7oiFwJNRPEp0dtNEO3GmE8M=
-59,23,XzfD7G2oGXZDoNzT0PLTOpwoRvw=,LXiS7oiFwJNRPEp0dtNEO3GmE8M=
-58,23,XzfD7G2oGXZDoNzT0PLTOpwoRvw=,LXiS7oiFwJNRPEp0dtNEO3GmE8M=
-60,24,XzfD7G2oGXZDoNzT0PLTOpwoRvw=,LXiS7oiFwJNRPEp0dtNEO3GmE8M=
-57,23,XzfD7G2oGXZDoNzT0PLTOpwoRvw=,LXiS7oiFwJNRPEp0dtNEO3GmE8M=
-56,26,XzfD7G2oGXZDoNzT0PLTOpwoRvw=,LXiS7oiFwJNRPEp0dtNEO3GmE8M=
-56,30,XzfD7G2oGXZDoNzT0PLTOpwoRvw=,LXiS7oiFwJNRPEp0dtNEO3GmE8M=
-60,25,XzfD7G2oGXZDoNzT0PLTOpwoRvw=,LXiS7oiFwJNRPEp0dtNEO3GmE8M=
-55,16,XzfD7G2oGXZDoNzT0PLTOpwoRvw=,LXiS7oiFwJNRPEp0dtNEO3GmE8M=
-54,16,XzfD7G2oGXZDoNzT0PLTOpwoRvw=,LXiS7oiFwJNRPEp0dtNEO3GmE8M=
-53,16,XzfD7G2oGXZDoNzT0PLTOpwoRvw=,LXiS7oiFwJNRPEp0dtNEO3GmE8M=
-52,16,XzfD7G2oGXZDoNzT0PLTOpwoRvw=,LXiS7oiFwJNRPEp0dtNEO3GmE8M=
-51,16,XzfD7G2oGXZDoNzT0PLTOpwoRvw=,LXiS7oiFwJNRPEp0dtNEO3GmE8M=
-50,16,XzfD7G2oGXZDoNzT0PLTOpwoRvw=,LXiS7oiFwJNRPEp0dtNEO3GmE8M=
-60,31,XzfD7G2oGXZDoNzT0PLTOpwoRvw=,LXiS7oiFwJNRPEp0dtNEO3GmE8M=
-59,31,XzfD7G2oGXZDoNzT0PLTOpwoRvw=,LXiS7oiFwJNRPEp0dtNEO3GmE8M=
-58,31,XzfD7G2oGXZDoNzT0PLTOpwoRvw=,LXiS7oiFwJNRPEp0dtNEO3GmE8M=
-60,16,XzfD7G2oGXZDoNzT0PLTOpwoRvw=,LXiS7oiFwJNRPEp0dtNEO3GmE8M=
-59,16,XzfD7G2oGXZDoNzT0PLTOpwoRvw=,LXiS7oiFwJNRPEp0dtNEO3GmE8M=
-58,16,XzfD7G2oGXZDoNzT0PLTOpwoRvw=,LXiS7oiFwJNRPEp0dtNEO3GmE8M=
-57,16,XzfD7G2oGXZDoNzT0PLTOpwoRvw=,LXiS7oiFwJNRPEp0dtNEO3GmE8M=
-56,16,XzfD7G2oGXZDoNzT0PLTOpwoRvw=,LXiS7oiFwJNRPEp0dtNEO3GmE8M=
-49,24,XzfD7G2oGXZDoNzT0PLTOpwoRvw=,LXiS7oiFwJNRPEp0dtNEO3GmE8M=
-49,27,XzfD7G2oGXZDoNzT0PLTOpwoRvw=,LXiS7oiFwJNRPEp0dtNEO3GmE8M=
-49,28,XzfD7G2oGXZDoNzT0PLTOpwoRvw=,LXiS7oiFwJNRPEp0dtNEO3GmE8M=
-49,29,XzfD7G2oGXZDoNzT0PLTOpwoRvw=,LXiS7oiFwJNRPEp0dtNEO3GmE8M=
-49,23,XzfD7G2oGXZDoNzT0PLTOpwoRvw=,LXiS7oiFwJNRPEp0dtNEO3GmE8M=
-49,25,XzfD7G2oGXZDoNzT0PLTOpwoRvw=,LXiS7oiFwJNRPEp0dtNEO3GmE8M=
-49,30,XzfD7G2oGXZDoNzT0PLTOpwoRvw=,LXiS7oiFwJNRPEp0dtNEO3GmE8M=
-49,26,XzfD7G2oGXZDoNzT0PLTOpwoRvw=,LXiS7oiFwJNRPEp0dtNEO3GmE8M=
-57,31,XzfD7G2oGXZDoNzT0PLTOpwoRvw=,LXiS7oiFwJNRPEp0dtNEO3GmE8M=
-56,31,XzfD7G2oGXZDoNzT0PLTOpwoRvw=,LXiS7oiFwJNRPEp0dtNEO3GmE8M=
-55,31,XzfD7G2oGXZDoNzT0PLTOpwoRvw=,LXiS7oiFwJNRPEp0dtNEO3GmE8M=
-54,31,XzfD7G2oGXZDoNzT0PLTOpwoRvw=,LXiS7oiFwJNRPEp0dtNEO3GmE8M=
-49,31,XzfD7G2oGXZDoNzT0PLTOpwoRvw=,LXiS7oiFwJNRPEp0dtNEO3GmE8M=
-53,31,XzfD7G2oGXZDoNzT0PLTOpwoRvw=,LXiS7oiFwJNRPEp0dtNEO3GmE8M=
-52,31,XzfD7G2oGXZDoNzT0PLTOpwoRvw=,LXiS7oiFwJNRPEp0dtNEO3GmE8M=
-50,31,XzfD7G2oGXZDoNzT0PLTOpwoRvw=,LXiS7oiFwJNRPEp0dtNEO3GmE8M=
-51,31,XzfD7G2oGXZDoNzT0PLTOpwoRvw=,LXiS7oiFwJNRPEp0dtNEO3GmE8M=
-49,16,XzfD7G2oGXZDoNzT0PLTOpwoRvw=,LXiS7oiFwJNRPEp0dtNEO3GmE8M=
-36,22,Ggr/hEdJOJCZ2FHY+O/PY8EBqSE=,LXiS7oiFwJNRPEp0dtNEO3GmE8M=
-44,17,Ggr/hEdJOJCZ2FHY+O/PY8EBqSE=,LXiS7oiFwJNRPEp0dtNEO3GmE8M=
-44,21,Ggr/hEdJOJCZ2FHY+O/PY8EBqSE=,LXiS7oiFwJNRPEp0dtNEO3GmE8M=
-43,21,Ggr/hEdJOJCZ2FHY+O/PY8EBqSE=,LXiS7oiFwJNRPEp0dtNEO3GmE8M=
-42,21,Ggr/hEdJOJCZ2FHY+O/PY8EBqSE=,LXiS7oiFwJNRPEp0dtNEO3GmE8M=
-41,21,Ggr/hEdJOJCZ2FHY+O/PY8EBqSE=,LXiS7oiFwJNRPEp0dtNEO3GmE8M=
-46,17,Ggr/hEdJOJCZ2FHY+O/PY8EBqSE=,LXiS7oiFwJNRPEp0dtNEO3GmE8M=
-43,17,Ggr/hEdJOJCZ2FHY+O/PY8EBqSE=,LXiS7oiFwJNRPEp0dtNEO3GmE8M=
-42,17,Ggr/hEdJOJCZ2FHY+O/PY8EBqSE=,LXiS7oiFwJNRPEp0dtNEO3GmE8M=
-47,22,Ggr/hEdJOJCZ2FHY+O/PY8EBqSE=,LXiS7oiFwJNRPEp0dtNEO3GmE8M=
-40,17,Ggr/hEdJOJCZ2FHY+O/PY8EBqSE=,LXiS7oiFwJNRPEp0dtNEO3GmE8M=
-46,22,Ggr/hEdJOJCZ2FHY+O/PY8EBqSE=,LXiS7oiFwJNRPEp0dtNEO3GmE8M=
-45,22,Ggr/hEdJOJCZ2FHY+O/PY8EBqSE=,LXiS7oiFwJNRPEp0dtNEO3GmE8M=
-41,17,Ggr/hEdJOJCZ2FHY+O/PY8EBqSE=,LXiS7oiFwJNRPEp0dtNEO3GmE8M=
-44,22,Ggr/hEdJOJCZ2FHY+O/PY8EBqSE=,LXiS7oiFwJNRPEp0dtNEO3GmE8M=
-43,22,Ggr/hEdJOJCZ2FHY+O/PY8EBqSE=,LXiS7oiFwJNRPEp0dtNEO3GmE8M=
-42,22,Ggr/hEdJOJCZ2FHY+O/PY8EBqSE=,LXiS7oiFwJNRPEp0dtNEO3GmE8M=
-41,22,Ggr/hEdJOJCZ2FHY+O/PY8EBqSE=,LXiS7oiFwJNRPEp0dtNEO3GmE8M=
-44,19,Ggr/hEdJOJCZ2FHY+O/PY8EBqSE=,LXiS7oiFwJNRPEp0dtNEO3GmE8M=
-44,18,Ggr/hEdJOJCZ2FHY+O/PY8EBqSE=,LXiS7oiFwJNRPEp0dtNEO3GmE8M=
-44,20,Ggr/hEdJOJCZ2FHY+O/PY8EBqSE=,LXiS7oiFwJNRPEp0dtNEO3GmE8M=
-40,18,Ggr/hEdJOJCZ2FHY+O/PY8EBqSE=,LXiS7oiFwJNRPEp0dtNEO3GmE8M=
-43,18,Ggr/hEdJOJCZ2FHY+O/PY8EBqSE=,LXiS7oiFwJNRPEp0dtNEO3GmE8M=
-40,19,Ggr/hEdJOJCZ2FHY+O/PY8EBqSE=,LXiS7oiFwJNRPEp0dtNEO3GmE8M=
-47,18,Ggr/hEdJOJCZ2FHY+O/PY8EBqSE=,LXiS7oiFwJNRPEp0dtNEO3GmE8M=
-43,19,Ggr/hEdJOJCZ2FHY+O/PY8EBqSE=,LXiS7oiFwJNRPEp0dtNEO3GmE8M=
-42,19,Ggr/hEdJOJCZ2FHY+O/PY8EBqSE=,LXiS7oiFwJNRPEp0dtNEO3GmE8M=
-40,20,Ggr/hEdJOJCZ2FHY+O/PY8EBqSE=,LXiS7oiFwJNRPEp0dtNEO3GmE8M=
-41,19,Ggr/hEdJOJCZ2FHY+O/PY8EBqSE=,LXiS7oiFwJNRPEp0dtNEO3GmE8M=
-43,20,Ggr/hEdJOJCZ2FHY+O/PY8EBqSE=,LXiS7oiFwJNRPEp0dtNEO3GmE8M=
-46,18,Ggr/hEdJOJCZ2FHY+O/PY8EBqSE=,LXiS7oiFwJNRPEp0dtNEO3GmE8M=
-45,18,Ggr/hEdJOJCZ2FHY+O/PY8EBqSE=,LXiS7oiFwJNRPEp0dtNEO3GmE8M=
-42,20,Ggr/hEdJOJCZ2FHY+O/PY8EBqSE=,LXiS7oiFwJNRPEp0dtNEO3GmE8M=
-42,18,Ggr/hEdJOJCZ2FHY+O/PY8EBqSE=,LXiS7oiFwJNRPEp0dtNEO3GmE8M=
-41,18,Ggr/hEdJOJCZ2FHY+O/PY8EBqSE=,LXiS7oiFwJNRPEp0dtNEO3GmE8M=
-47,19,Ggr/hEdJOJCZ2FHY+O/PY8EBqSE=,LXiS7oiFwJNRPEp0dtNEO3GmE8M=
-46,19,Ggr/hEdJOJCZ2FHY+O/PY8EBqSE=,LXiS7oiFwJNRPEp0dtNEO3GmE8M=
-40,21,Ggr/hEdJOJCZ2FHY+O/PY8EBqSE=,LXiS7oiFwJNRPEp0dtNEO3GmE8M=
-45,19,Ggr/hEdJOJCZ2FHY+O/PY8EBqSE=,LXiS7oiFwJNRPEp0dtNEO3GmE8M=
-41,20,Ggr/hEdJOJCZ2FHY+O/PY8EBqSE=,LXiS7oiFwJNRPEp0dtNEO3GmE8M=
-47,20,Ggr/hEdJOJCZ2FHY+O/PY8EBqSE=,LXiS7oiFwJNRPEp0dtNEO3GmE8M=
-47,21,Ggr/hEdJOJCZ2FHY+O/PY8EBqSE=,LXiS7oiFwJNRPEp0dtNEO3GmE8M=
-46,21,Ggr/hEdJOJCZ2FHY+O/PY8EBqSE=,LXiS7oiFwJNRPEp0dtNEO3GmE8M=
-47,17,Ggr/hEdJOJCZ2FHY+O/PY8EBqSE=,LXiS7oiFwJNRPEp0dtNEO3GmE8M=
-46,20,Ggr/hEdJOJCZ2FHY+O/PY8EBqSE=,LXiS7oiFwJNRPEp0dtNEO3GmE8M=
-40,22,Ggr/hEdJOJCZ2FHY+O/PY8EBqSE=,LXiS7oiFwJNRPEp0dtNEO3GmE8M=
-45,20,Ggr/hEdJOJCZ2FHY+O/PY8EBqSE=,LXiS7oiFwJNRPEp0dtNEO3GmE8M=
-45,17,Ggr/hEdJOJCZ2FHY+O/PY8EBqSE=,LXiS7oiFwJNRPEp0dtNEO3GmE8M=
-45,21,Ggr/hEdJOJCZ2FHY+O/PY8EBqSE=,LXiS7oiFwJNRPEp0dtNEO3GmE8M=
-45,29,Ggr/hEdJOJCZ2FHY+O/PY8EBqSE=,LXiS7oiFwJNRPEp0dtNEO3GmE8M=
-46,28,Ggr/hEdJOJCZ2FHY+O/PY8EBqSE=,LXiS7oiFwJNRPEp0dtNEO3GmE8M=
-44,29,Ggr/hEdJOJCZ2FHY+O/PY8EBqSE=,LXiS7oiFwJNRPEp0dtNEO3GmE8M=
-45,28,Ggr/hEdJOJCZ2FHY+O/PY8EBqSE=,LXiS7oiFwJNRPEp0dtNEO3GmE8M=
-43,29,Ggr/hEdJOJCZ2FHY+O/PY8EBqSE=,LXiS7oiFwJNRPEp0dtNEO3GmE8M=
-42,29,Ggr/hEdJOJCZ2FHY+O/PY8EBqSE=,LXiS7oiFwJNRPEp0dtNEO3GmE8M=
-44,28,Ggr/hEdJOJCZ2FHY+O/PY8EBqSE=,LXiS7oiFwJNRPEp0dtNEO3GmE8M=
-47,23,Ggr/hEdJOJCZ2FHY+O/PY8EBqSE=,LXiS7oiFwJNRPEp0dtNEO3GmE8M=
-46,23,Ggr/hEdJOJCZ2FHY+O/PY8EBqSE=,LXiS7oiFwJNRPEp0dtNEO3GmE8M=
-45,23,Ggr/hEdJOJCZ2FHY+O/PY8EBqSE=,LXiS7oiFwJNRPEp0dtNEO3GmE8M=
-47,30,Ggr/hEdJOJCZ2FHY+O/PY8EBqSE=,LXiS7oiFwJNRPEp0dtNEO3GmE8M=
-46,30,Ggr/hEdJOJCZ2FHY+O/PY8EBqSE=,LXiS7oiFwJNRPEp0dtNEO3GmE8M=
-44,23,Ggr/hEdJOJCZ2FHY+O/PY8EBqSE=,LXiS7oiFwJNRPEp0dtNEO3GmE8M=
-45,30,Ggr/hEdJOJCZ2FHY+O/PY8EBqSE=,LXiS7oiFwJNRPEp0dtNEO3GmE8M=
-44,30,Ggr/hEdJOJCZ2FHY+O/PY8EBqSE=,LXiS7oiFwJNRPEp0dtNEO3GmE8M=
-43,23,Ggr/hEdJOJCZ2FHY+O/PY8EBqSE=,LXiS7oiFwJNRPEp0dtNEO3GmE8M=
-42,23,Ggr/hEdJOJCZ2FHY+O/PY8EBqSE=,LXiS7oiFwJNRPEp0dtNEO3GmE8M=
-47,24,Ggr/hEdJOJCZ2FHY+O/PY8EBqSE=,LXiS7oiFwJNRPEp0dtNEO3GmE8M=
-43,30,Ggr/hEdJOJCZ2FHY+O/PY8EBqSE=,LXiS7oiFwJNRPEp0dtNEO3GmE8M=
-46,24,Ggr/hEdJOJCZ2FHY+O/PY8EBqSE=,LXiS7oiFwJNRPEp0dtNEO3GmE8M=
-45,24,Ggr/hEdJOJCZ2FHY+O/PY8EBqSE=,LXiS7oiFwJNRPEp0dtNEO3GmE8M=
-44,24,Ggr/hEdJOJCZ2FHY+O/PY8EBqSE=,LXiS7oiFwJNRPEp0dtNEO3GmE8M=
-42,30,Ggr/hEdJOJCZ2FHY+O/PY8EBqSE=,LXiS7oiFwJNRPEp0dtNEO3GmE8M=
-43,24,Ggr/hEdJOJCZ2FHY+O/PY8EBqSE=,LXiS7oiFwJNRPEp0dtNEO3GmE8M=
-42,24,Ggr/hEdJOJCZ2FHY+O/PY8EBqSE=,LXiS7oiFwJNRPEp0dtNEO3GmE8M=
-47,25,Ggr/hEdJOJCZ2FHY+O/PY8EBqSE=,LXiS7oiFwJNRPEp0dtNEO3GmE8M=
-46,25,Ggr/hEdJOJCZ2FHY+O/PY8EBqSE=,LXiS7oiFwJNRPEp0dtNEO3GmE8M=
-45,25,Ggr/hEdJOJCZ2FHY+O/PY8EBqSE=,LXiS7oiFwJNRPEp0dtNEO3GmE8M=
-43,28,Ggr/hEdJOJCZ2FHY+O/PY8EBqSE=,LXiS7oiFwJNRPEp0dtNEO3GmE8M=
-44,25,Ggr/hEdJOJCZ2FHY+O/PY8EBqSE=,LXiS7oiFwJNRPEp0dtNEO3GmE8M=
-43,25,Ggr/hEdJOJCZ2FHY+O/PY8EBqSE=,LXiS7oiFwJNRPEp0dtNEO3GmE8M=
-42,25,Ggr/hEdJOJCZ2FHY+O/PY8EBqSE=,LXiS7oiFwJNRPEp0dtNEO3GmE8M=
-42,28,Ggr/hEdJOJCZ2FHY+O/PY8EBqSE=,LXiS7oiFwJNRPEp0dtNEO3GmE8M=
-47,26,Ggr/hEdJOJCZ2FHY+O/PY8EBqSE=,LXiS7oiFwJNRPEp0dtNEO3GmE8M=
-46,26,Ggr/hEdJOJCZ2FHY+O/PY8EBqSE=,LXiS7oiFwJNRPEp0dtNEO3GmE8M=
-44,26,Ggr/hEdJOJCZ2FHY+O/PY8EBqSE=,LXiS7oiFwJNRPEp0dtNEO3GmE8M=
-45,26,Ggr/hEdJOJCZ2FHY+O/PY8EBqSE=,LXiS7oiFwJNRPEp0dtNEO3GmE8M=
-43,26,Ggr/hEdJOJCZ2FHY+O/PY8EBqSE=,LXiS7oiFwJNRPEp0dtNEO3GmE8M=
-42,26,Ggr/hEdJOJCZ2FHY+O/PY8EBqSE=,LXiS7oiFwJNRPEp0dtNEO3GmE8M=
-47,27,Ggr/hEdJOJCZ2FHY+O/PY8EBqSE=,LXiS7oiFwJNRPEp0dtNEO3GmE8M=
-46,27,Ggr/hEdJOJCZ2FHY+O/PY8EBqSE=,LXiS7oiFwJNRPEp0dtNEO3GmE8M=
-44,27,Ggr/hEdJOJCZ2FHY+O/PY8EBqSE=,LXiS7oiFwJNRPEp0dtNEO3GmE8M=
-43,27,Ggr/hEdJOJCZ2FHY+O/PY8EBqSE=,LXiS7oiFwJNRPEp0dtNEO3GmE8M=
-47,29,Ggr/hEdJOJCZ2FHY+O/PY8EBqSE=,LXiS7oiFwJNRPEp0dtNEO3GmE8M=
-42,27,Ggr/hEdJOJCZ2FHY+O/PY8EBqSE=,LXiS7oiFwJNRPEp0dtNEO3GmE8M=
-45,27,Ggr/hEdJOJCZ2FHY+O/PY8EBqSE=,LXiS7oiFwJNRPEp0dtNEO3GmE8M=
-46,29,Ggr/hEdJOJCZ2FHY+O/PY8EBqSE=,LXiS7oiFwJNRPEp0dtNEO3GmE8M=
-47,28,Ggr/hEdJOJCZ2FHY+O/PY8EBqSE=,LXiS7oiFwJNRPEp0dtNEO3GmE8M=
-37,22,Ggr/hEdJOJCZ2FHY+O/PY8EBqSE=,LXiS7oiFwJNRPEp0dtNEO3GmE8M=
-39,22,Ggr/hEdJOJCZ2FHY+O/PY8EBqSE=,LXiS7oiFwJNRPEp0dtNEO3GmE8M=
-33,21,Ggr/hEdJOJCZ2FHY+O/PY8EBqSE=,LXiS7oiFwJNRPEp0dtNEO3GmE8M=
-35,21,Ggr/hEdJOJCZ2FHY+O/PY8EBqSE=,LXiS7oiFwJNRPEp0dtNEO3GmE8M=
-38,22,Ggr/hEdJOJCZ2FHY+O/PY8EBqSE=,LXiS7oiFwJNRPEp0dtNEO3GmE8M=
-36,21,Ggr/hEdJOJCZ2FHY+O/PY8EBqSE=,LXiS7oiFwJNRPEp0dtNEO3GmE8M=
-37,21,Ggr/hEdJOJCZ2FHY+O/PY8EBqSE=,LXiS7oiFwJNRPEp0dtNEO3GmE8M=
-34,21,Ggr/hEdJOJCZ2FHY+O/PY8EBqSE=,LXiS7oiFwJNRPEp0dtNEO3GmE8M=
-39,21,Ggr/hEdJOJCZ2FHY+O/PY8EBqSE=,LXiS7oiFwJNRPEp0dtNEO3GmE8M=
-33,20,Ggr/hEdJOJCZ2FHY+O/PY8EBqSE=,LXiS7oiFwJNRPEp0dtNEO3GmE8M=
-34,20,Ggr/hEdJOJCZ2FHY+O/PY8EBqSE=,LXiS7oiFwJNRPEp0dtNEO3GmE8M=
-38,21,Ggr/hEdJOJCZ2FHY+O/PY8EBqSE=,LXiS7oiFwJNRPEp0dtNEO3GmE8M=
-35,20,Ggr/hEdJOJCZ2FHY+O/PY8EBqSE=,LXiS7oiFwJNRPEp0dtNEO3GmE8M=
-37,20,Ggr/hEdJOJCZ2FHY+O/PY8EBqSE=,LXiS7oiFwJNRPEp0dtNEO3GmE8M=
-36,20,Ggr/hEdJOJCZ2FHY+O/PY8EBqSE=,LXiS7oiFwJNRPEp0dtNEO3GmE8M=
-38,20,Ggr/hEdJOJCZ2FHY+O/PY8EBqSE=,LXiS7oiFwJNRPEp0dtNEO3GmE8M=
-39,20,Ggr/hEdJOJCZ2FHY+O/PY8EBqSE=,LXiS7oiFwJNRPEp0dtNEO3GmE8M=
-33,19,Ggr/hEdJOJCZ2FHY+O/PY8EBqSE=,LXiS7oiFwJNRPEp0dtNEO3GmE8M=
-34,19,Ggr/hEdJOJCZ2FHY+O/PY8EBqSE=,LXiS7oiFwJNRPEp0dtNEO3GmE8M=
-35,19,Ggr/hEdJOJCZ2FHY+O/PY8EBqSE=,LXiS7oiFwJNRPEp0dtNEO3GmE8M=
-36,19,Ggr/hEdJOJCZ2FHY+O/PY8EBqSE=,LXiS7oiFwJNRPEp0dtNEO3GmE8M=
-37,19,Ggr/hEdJOJCZ2FHY+O/PY8EBqSE=,LXiS7oiFwJNRPEp0dtNEO3GmE8M=
-38,19,Ggr/hEdJOJCZ2FHY+O/PY8EBqSE=,LXiS7oiFwJNRPEp0dtNEO3GmE8M=
-33,18,Ggr/hEdJOJCZ2FHY+O/PY8EBqSE=,LXiS7oiFwJNRPEp0dtNEO3GmE8M=
-39,19,Ggr/hEdJOJCZ2FHY+O/PY8EBqSE=,LXiS7oiFwJNRPEp0dtNEO3GmE8M=
-34,18,Ggr/hEdJOJCZ2FHY+O/PY8EBqSE=,LXiS7oiFwJNRPEp0dtNEO3GmE8M=
-35,18,Ggr/hEdJOJCZ2FHY+O/PY8EBqSE=,LXiS7oiFwJNRPEp0dtNEO3GmE8M=
-36,18,Ggr/hEdJOJCZ2FHY+O/PY8EBqSE=,LXiS7oiFwJNRPEp0dtNEO3GmE8M=
-37,18,Ggr/hEdJOJCZ2FHY+O/PY8EBqSE=,LXiS7oiFwJNRPEp0dtNEO3GmE8M=
-33,17,Ggr/hEdJOJCZ2FHY+O/PY8EBqSE=,LXiS7oiFwJNRPEp0dtNEO3GmE8M=
-39,18,Ggr/hEdJOJCZ2FHY+O/PY8EBqSE=,LXiS7oiFwJNRPEp0dtNEO3GmE8M=
-38,18,Ggr/hEdJOJCZ2FHY+O/PY8EBqSE=,LXiS7oiFwJNRPEp0dtNEO3GmE8M=
-33,22,Ggr/hEdJOJCZ2FHY+O/PY8EBqSE=,LXiS7oiFwJNRPEp0dtNEO3GmE8M=
-34,17,Ggr/hEdJOJCZ2FHY+O/PY8EBqSE=,LXiS7oiFwJNRPEp0dtNEO3GmE8M=
-36,17,Ggr/hEdJOJCZ2FHY+O/PY8EBqSE=,LXiS7oiFwJNRPEp0dtNEO3GmE8M=
-37,17,Ggr/hEdJOJCZ2FHY+O/PY8EBqSE=,LXiS7oiFwJNRPEp0dtNEO3GmE8M=
-38,17,Ggr/hEdJOJCZ2FHY+O/PY8EBqSE=,LXiS7oiFwJNRPEp0dtNEO3GmE8M=
-35,17,Ggr/hEdJOJCZ2FHY+O/PY8EBqSE=,LXiS7oiFwJNRPEp0dtNEO3GmE8M=
-34,22,Ggr/hEdJOJCZ2FHY+O/PY8EBqSE=,LXiS7oiFwJNRPEp0dtNEO3GmE8M=
-39,17,Ggr/hEdJOJCZ2FHY+O/PY8EBqSE=,LXiS7oiFwJNRPEp0dtNEO3GmE8M=
-35,22,Ggr/hEdJOJCZ2FHY+O/PY8EBqSE=,LXiS7oiFwJNRPEp0dtNEO3GmE8M=
-39,27,Ggr/hEdJOJCZ2FHY+O/PY8EBqSE=,LXiS7oiFwJNRPEp0dtNEO3GmE8M=
-41,29,Ggr/hEdJOJCZ2FHY+O/PY8EBqSE=,LXiS7oiFwJNRPEp0dtNEO3GmE8M=
-39,23,Ggr/hEdJOJCZ2FHY+O/PY8EBqSE=,LXiS7oiFwJNRPEp0dtNEO3GmE8M=
-40,23,Ggr/hEdJOJCZ2FHY+O/PY8EBqSE=,LXiS7oiFwJNRPEp0dtNEO3GmE8M=
-38,23,Ggr/hEdJOJCZ2FHY+O/PY8EBqSE=,LXiS7oiFwJNRPEp0dtNEO3GmE8M=
-37,23,Ggr/hEdJOJCZ2FHY+O/PY8EBqSE=,LXiS7oiFwJNRPEp0dtNEO3GmE8M=
-35,23,Ggr/hEdJOJCZ2FHY+O/PY8EBqSE=,LXiS7oiFwJNRPEp0dtNEO3GmE8M=
-34,23,Ggr/hEdJOJCZ2FHY+O/PY8EBqSE=,LXiS7oiFwJNRPEp0dtNEO3GmE8M=
-36,23,Ggr/hEdJOJCZ2FHY+O/PY8EBqSE=,LXiS7oiFwJNRPEp0dtNEO3GmE8M=
-35,27,Ggr/hEdJOJCZ2FHY+O/PY8EBqSE=,LXiS7oiFwJNRPEp0dtNEO3GmE8M=
-34,27,Ggr/hEdJOJCZ2FHY+O/PY8EBqSE=,LXiS7oiFwJNRPEp0dtNEO3GmE8M=
-40,28,Ggr/hEdJOJCZ2FHY+O/PY8EBqSE=,LXiS7oiFwJNRPEp0dtNEO3GmE8M=
-39,28,Ggr/hEdJOJCZ2FHY+O/PY8EBqSE=,LXiS7oiFwJNRPEp0dtNEO3GmE8M=
-36,27,Ggr/hEdJOJCZ2FHY+O/PY8EBqSE=,LXiS7oiFwJNRPEp0dtNEO3GmE8M=
-41,23,Ggr/hEdJOJCZ2FHY+O/PY8EBqSE=,LXiS7oiFwJNRPEp0dtNEO3GmE8M=
-38,28,Ggr/hEdJOJCZ2FHY+O/PY8EBqSE=,LXiS7oiFwJNRPEp0dtNEO3GmE8M=
-37,28,Ggr/hEdJOJCZ2FHY+O/PY8EBqSE=,LXiS7oiFwJNRPEp0dtNEO3GmE8M=
-36,28,Ggr/hEdJOJCZ2FHY+O/PY8EBqSE=,LXiS7oiFwJNRPEp0dtNEO3GmE8M=
-35,28,Ggr/hEdJOJCZ2FHY+O/PY8EBqSE=,LXiS7oiFwJNRPEp0dtNEO3GmE8M=
-40,29,Ggr/hEdJOJCZ2FHY+O/PY8EBqSE=,LXiS7oiFwJNRPEp0dtNEO3GmE8M=
-39,29,Ggr/hEdJOJCZ2FHY+O/PY8EBqSE=,LXiS7oiFwJNRPEp0dtNEO3GmE8M=
-38,29,Ggr/hEdJOJCZ2FHY+O/PY8EBqSE=,LXiS7oiFwJNRPEp0dtNEO3GmE8M=
-37,29,Ggr/hEdJOJCZ2FHY+O/PY8EBqSE=,LXiS7oiFwJNRPEp0dtNEO3GmE8M=
-41,24,Ggr/hEdJOJCZ2FHY+O/PY8EBqSE=,LXiS7oiFwJNRPEp0dtNEO3GmE8M=
-36,29,Ggr/hEdJOJCZ2FHY+O/PY8EBqSE=,LXiS7oiFwJNRPEp0dtNEO3GmE8M=
-35,29,Ggr/hEdJOJCZ2FHY+O/PY8EBqSE=,LXiS7oiFwJNRPEp0dtNEO3GmE8M=
-34,29,Ggr/hEdJOJCZ2FHY+O/PY8EBqSE=,LXiS7oiFwJNRPEp0dtNEO3GmE8M=
-39,30,Ggr/hEdJOJCZ2FHY+O/PY8EBqSE=,LXiS7oiFwJNRPEp0dtNEO3GmE8M=
-40,30,Ggr/hEdJOJCZ2FHY+O/PY8EBqSE=,LXiS7oiFwJNRPEp0dtNEO3GmE8M=
-41,30,Ggr/hEdJOJCZ2FHY+O/PY8EBqSE=,LXiS7oiFwJNRPEp0dtNEO3GmE8M=
-38,30,Ggr/hEdJOJCZ2FHY+O/PY8EBqSE=,LXiS7oiFwJNRPEp0dtNEO3GmE8M=
-36,30,Ggr/hEdJOJCZ2FHY+O/PY8EBqSE=,LXiS7oiFwJNRPEp0dtNEO3GmE8M=
-35,30,Ggr/hEdJOJCZ2FHY+O/PY8EBqSE=,LXiS7oiFwJNRPEp0dtNEO3GmE8M=
-37,30,Ggr/hEdJOJCZ2FHY+O/PY8EBqSE=,LXiS7oiFwJNRPEp0dtNEO3GmE8M=
-34,30,Ggr/hEdJOJCZ2FHY+O/PY8EBqSE=,LXiS7oiFwJNRPEp0dtNEO3GmE8M=
-40,24,Ggr/hEdJOJCZ2FHY+O/PY8EBqSE=,LXiS7oiFwJNRPEp0dtNEO3GmE8M=
-41,26,Ggr/hEdJOJCZ2FHY+O/PY8EBqSE=,LXiS7oiFwJNRPEp0dtNEO3GmE8M=
-41,25,Ggr/hEdJOJCZ2FHY+O/PY8EBqSE=,LXiS7oiFwJNRPEp0dtNEO3GmE8M=
-39,24,Ggr/hEdJOJCZ2FHY+O/PY8EBqSE=,LXiS7oiFwJNRPEp0dtNEO3GmE8M=
-41,28,Ggr/hEdJOJCZ2FHY+O/PY8EBqSE=,LXiS7oiFwJNRPEp0dtNEO3GmE8M=
-37,24,Ggr/hEdJOJCZ2FHY+O/PY8EBqSE=,LXiS7oiFwJNRPEp0dtNEO3GmE8M=
-38,24,Ggr/hEdJOJCZ2FHY+O/PY8EBqSE=,LXiS7oiFwJNRPEp0dtNEO3GmE8M=
-36,24,Ggr/hEdJOJCZ2FHY+O/PY8EBqSE=,LXiS7oiFwJNRPEp0dtNEO3GmE8M=
-35,24,Ggr/hEdJOJCZ2FHY+O/PY8EBqSE=,LXiS7oiFwJNRPEp0dtNEO3GmE8M=
-34,24,Ggr/hEdJOJCZ2FHY+O/PY8EBqSE=,LXiS7oiFwJNRPEp0dtNEO3GmE8M=
-40,25,Ggr/hEdJOJCZ2FHY+O/PY8EBqSE=,LXiS7oiFwJNRPEp0dtNEO3GmE8M=
-39,25,Ggr/hEdJOJCZ2FHY+O/PY8EBqSE=,LXiS7oiFwJNRPEp0dtNEO3GmE8M=
-38,27,Ggr/hEdJOJCZ2FHY+O/PY8EBqSE=,LXiS7oiFwJNRPEp0dtNEO3GmE8M=
-37,27,Ggr/hEdJOJCZ2FHY+O/PY8EBqSE=,LXiS7oiFwJNRPEp0dtNEO3GmE8M=
-37,25,Ggr/hEdJOJCZ2FHY+O/PY8EBqSE=,LXiS7oiFwJNRPEp0dtNEO3GmE8M=
-36,25,Ggr/hEdJOJCZ2FHY+O/PY8EBqSE=,LXiS7oiFwJNRPEp0dtNEO3GmE8M=
-38,25,Ggr/hEdJOJCZ2FHY+O/PY8EBqSE=,LXiS7oiFwJNRPEp0dtNEO3GmE8M=
-35,25,Ggr/hEdJOJCZ2FHY+O/PY8EBqSE=,LXiS7oiFwJNRPEp0dtNEO3GmE8M=
-34,25,Ggr/hEdJOJCZ2FHY+O/PY8EBqSE=,LXiS7oiFwJNRPEp0dtNEO3GmE8M=
-34,28,Ggr/hEdJOJCZ2FHY+O/PY8EBqSE=,LXiS7oiFwJNRPEp0dtNEO3GmE8M=
-40,26,Ggr/hEdJOJCZ2FHY+O/PY8EBqSE=,LXiS7oiFwJNRPEp0dtNEO3GmE8M=
-39,26,Ggr/hEdJOJCZ2FHY+O/PY8EBqSE=,LXiS7oiFwJNRPEp0dtNEO3GmE8M=
-38,26,Ggr/hEdJOJCZ2FHY+O/PY8EBqSE=,LXiS7oiFwJNRPEp0dtNEO3GmE8M=
-37,26,Ggr/hEdJOJCZ2FHY+O/PY8EBqSE=,LXiS7oiFwJNRPEp0dtNEO3GmE8M=
-41,27,Ggr/hEdJOJCZ2FHY+O/PY8EBqSE=,LXiS7oiFwJNRPEp0dtNEO3GmE8M=
-36,26,Ggr/hEdJOJCZ2FHY+O/PY8EBqSE=,LXiS7oiFwJNRPEp0dtNEO3GmE8M=
-35,26,Ggr/hEdJOJCZ2FHY+O/PY8EBqSE=,LXiS7oiFwJNRPEp0dtNEO3GmE8M=
-34,26,Ggr/hEdJOJCZ2FHY+O/PY8EBqSE=,LXiS7oiFwJNRPEp0dtNEO3GmE8M=
-40,27,Ggr/hEdJOJCZ2FHY+O/PY8EBqSE=,LXiS7oiFwJNRPEp0dtNEO3GmE8M=
-39,16,Ggr/hEdJOJCZ2FHY+O/PY8EBqSE=,LXiS7oiFwJNRPEp0dtNEO3GmE8M=
-38,16,Ggr/hEdJOJCZ2FHY+O/PY8EBqSE=,LXiS7oiFwJNRPEp0dtNEO3GmE8M=
-36,16,Ggr/hEdJOJCZ2FHY+O/PY8EBqSE=,LXiS7oiFwJNRPEp0dtNEO3GmE8M=
-35,16,Ggr/hEdJOJCZ2FHY+O/PY8EBqSE=,LXiS7oiFwJNRPEp0dtNEO3GmE8M=
-37,16,Ggr/hEdJOJCZ2FHY+O/PY8EBqSE=,LXiS7oiFwJNRPEp0dtNEO3GmE8M=
-34,16,Ggr/hEdJOJCZ2FHY+O/PY8EBqSE=,LXiS7oiFwJNRPEp0dtNEO3GmE8M=
-39,31,Ggr/hEdJOJCZ2FHY+O/PY8EBqSE=,LXiS7oiFwJNRPEp0dtNEO3GmE8M=
-38,31,Ggr/hEdJOJCZ2FHY+O/PY8EBqSE=,LXiS7oiFwJNRPEp0dtNEO3GmE8M=
-37,31,Ggr/hEdJOJCZ2FHY+O/PY8EBqSE=,LXiS7oiFwJNRPEp0dtNEO3GmE8M=
-35,31,Ggr/hEdJOJCZ2FHY+O/PY8EBqSE=,LXiS7oiFwJNRPEp0dtNEO3GmE8M=
-34,31,Ggr/hEdJOJCZ2FHY+O/PY8EBqSE=,LXiS7oiFwJNRPEp0dtNEO3GmE8M=
-33,23,Ggr/hEdJOJCZ2FHY+O/PY8EBqSE=,LXiS7oiFwJNRPEp0dtNEO3GmE8M=
-36,31,Ggr/hEdJOJCZ2FHY+O/PY8EBqSE=,LXiS7oiFwJNRPEp0dtNEO3GmE8M=
-33,27,Ggr/hEdJOJCZ2FHY+O/PY8EBqSE=,LXiS7oiFwJNRPEp0dtNEO3GmE8M=
-33,28,Ggr/hEdJOJCZ2FHY+O/PY8EBqSE=,LXiS7oiFwJNRPEp0dtNEO3GmE8M=
-33,29,Ggr/hEdJOJCZ2FHY+O/PY8EBqSE=,LXiS7oiFwJNRPEp0dtNEO3GmE8M=
-33,30,Ggr/hEdJOJCZ2FHY+O/PY8EBqSE=,LXiS7oiFwJNRPEp0dtNEO3GmE8M=
-33,24,Ggr/hEdJOJCZ2FHY+O/PY8EBqSE=,LXiS7oiFwJNRPEp0dtNEO3GmE8M=
-33,25,Ggr/hEdJOJCZ2FHY+O/PY8EBqSE=,LXiS7oiFwJNRPEp0dtNEO3GmE8M=
-33,26,Ggr/hEdJOJCZ2FHY+O/PY8EBqSE=,LXiS7oiFwJNRPEp0dtNEO3GmE8M=
-33,31,Ggr/hEdJOJCZ2FHY+O/PY8EBqSE=,LXiS7oiFwJNRPEp0dtNEO3GmE8M=
-40,16,Ggr/hEdJOJCZ2FHY+O/PY8EBqSE=,LXiS7oiFwJNRPEp0dtNEO3GmE8M=
-46,16,Ggr/hEdJOJCZ2FHY+O/PY8EBqSE=,LXiS7oiFwJNRPEp0dtNEO3GmE8M=
-42,16,Ggr/hEdJOJCZ2FHY+O/PY8EBqSE=,LXiS7oiFwJNRPEp0dtNEO3GmE8M=
-47,16,Ggr/hEdJOJCZ2FHY+O/PY8EBqSE=,LXiS7oiFwJNRPEp0dtNEO3GmE8M=
-44,16,Ggr/hEdJOJCZ2FHY+O/PY8EBqSE=,LXiS7oiFwJNRPEp0dtNEO3GmE8M=
-45,16,Ggr/hEdJOJCZ2FHY+O/PY8EBqSE=,LXiS7oiFwJNRPEp0dtNEO3GmE8M=
-43,16,Ggr/hEdJOJCZ2FHY+O/PY8EBqSE=,LXiS7oiFwJNRPEp0dtNEO3GmE8M=
-41,16,Ggr/hEdJOJCZ2FHY+O/PY8EBqSE=,LXiS7oiFwJNRPEp0dtNEO3GmE8M=
-47,31,Ggr/hEdJOJCZ2FHY+O/PY8EBqSE=,LXiS7oiFwJNRPEp0dtNEO3GmE8M=
-40,31,Ggr/hEdJOJCZ2FHY+O/PY8EBqSE=,LXiS7oiFwJNRPEp0dtNEO3GmE8M=
-46,31,Ggr/hEdJOJCZ2FHY+O/PY8EBqSE=,LXiS7oiFwJNRPEp0dtNEO3GmE8M=
-44,31,Ggr/hEdJOJCZ2FHY+O/PY8EBqSE=,LXiS7oiFwJNRPEp0dtNEO3GmE8M=
-45,31,Ggr/hEdJOJCZ2FHY+O/PY8EBqSE=,LXiS7oiFwJNRPEp0dtNEO3GmE8M=
-43,31,Ggr/hEdJOJCZ2FHY+O/PY8EBqSE=,LXiS7oiFwJNRPEp0dtNEO3GmE8M=
-41,31,Ggr/hEdJOJCZ2FHY+O/PY8EBqSE=,LXiS7oiFwJNRPEp0dtNEO3GmE8M=
-42,31,Ggr/hEdJOJCZ2FHY+O/PY8EBqSE=,LXiS7oiFwJNRPEp0dtNEO3GmE8M=
-48,30,Ggr/hEdJOJCZ2FHY+O/PY8EBqSE=,LXiS7oiFwJNRPEp0dtNEO3GmE8M=
-48,25,Ggr/hEdJOJCZ2FHY+O/PY8EBqSE=,LXiS7oiFwJNRPEp0dtNEO3GmE8M=
-48,26,Ggr/hEdJOJCZ2FHY+O/PY8EBqSE=,LXiS7oiFwJNRPEp0dtNEO3GmE8M=
-48,27,Ggr/hEdJOJCZ2FHY+O/PY8EBqSE=,LXiS7oiFwJNRPEp0dtNEO3GmE8M=
-48,29,Ggr/hEdJOJCZ2FHY+O/PY8EBqSE=,LXiS7oiFwJNRPEp0dtNEO3GmE8M=
-48,31,Ggr/hEdJOJCZ2FHY+O/PY8EBqSE=,LXiS7oiFwJNRPEp0dtNEO3GmE8M=
-48,16,Ggr/hEdJOJCZ2FHY+O/PY8EBqSE=,LXiS7oiFwJNRPEp0dtNEO3GmE8M=
-48,17,Ggr/hEdJOJCZ2FHY+O/PY8EBqSE=,LXiS7oiFwJNRPEp0dtNEO3GmE8M=
-48,22,Ggr/hEdJOJCZ2FHY+O/PY8EBqSE=,LXiS7oiFwJNRPEp0dtNEO3GmE8M=
-48,28,Ggr/hEdJOJCZ2FHY+O/PY8EBqSE=,LXiS7oiFwJNRPEp0dtNEO3GmE8M=
-48,23,Ggr/hEdJOJCZ2FHY+O/PY8EBqSE=,LXiS7oiFwJNRPEp0dtNEO3GmE8M=
-48,21,Ggr/hEdJOJCZ2FHY+O/PY8EBqSE=,LXiS7oiFwJNRPEp0dtNEO3GmE8M=
-48,20,Ggr/hEdJOJCZ2FHY+O/PY8EBqSE=,LXiS7oiFwJNRPEp0dtNEO3GmE8M=
-48,19,Ggr/hEdJOJCZ2FHY+O/PY8EBqSE=,LXiS7oiFwJNRPEp0dtNEO3GmE8M=
-48,18,Ggr/hEdJOJCZ2FHY+O/PY8EBqSE=,LXiS7oiFwJNRPEp0dtNEO3GmE8M=
-33,16,Ggr/hEdJOJCZ2FHY+O/PY8EBqSE=,LXiS7oiFwJNRPEp0dtNEO3GmE8M=
-48,24,Ggr/hEdJOJCZ2FHY+O/PY8EBqSE=,LXiS7oiFwJNRPEp0dtNEO3GmE8M=
-44,4,Ggr/hEdJOJCZ2FHY+O/PY8EBqSE=,LXiS7oiFwJNRPEp0dtNEO3GmE8M=
-47,8,Ggr/hEdJOJCZ2FHY+O/PY8EBqSE=,LXiS7oiFwJNRPEp0dtNEO3GmE8M=
-46,8,Ggr/hEdJOJCZ2FHY+O/PY8EBqSE=,LXiS7oiFwJNRPEp0dtNEO3GmE8M=
-45,8,Ggr/hEdJOJCZ2FHY+O/PY8EBqSE=,LXiS7oiFwJNRPEp0dtNEO3GmE8M=
-43,8,Ggr/hEdJOJCZ2FHY+O/PY8EBqSE=,LXiS7oiFwJNRPEp0dtNEO3GmE8M=
-44,8,Ggr/hEdJOJCZ2FHY+O/PY8EBqSE=,LXiS7oiFwJNRPEp0dtNEO3GmE8M=
-47,9,Ggr/hEdJOJCZ2FHY+O/PY8EBqSE=,LXiS7oiFwJNRPEp0dtNEO3GmE8M=
-46,9,Ggr/hEdJOJCZ2FHY+O/PY8EBqSE=,LXiS7oiFwJNRPEp0dtNEO3GmE8M=
-45,9,Ggr/hEdJOJCZ2FHY+O/PY8EBqSE=,LXiS7oiFwJNRPEp0dtNEO3GmE8M=
-44,9,Ggr/hEdJOJCZ2FHY+O/PY8EBqSE=,LXiS7oiFwJNRPEp0dtNEO3GmE8M=
-43,9,Ggr/hEdJOJCZ2FHY+O/PY8EBqSE=,LXiS7oiFwJNRPEp0dtNEO3GmE8M=
-42,9,Ggr/hEdJOJCZ2FHY+O/PY8EBqSE=,LXiS7oiFwJNRPEp0dtNEO3GmE8M=
-47,10,Ggr/hEdJOJCZ2FHY+O/PY8EBqSE=,LXiS7oiFwJNRPEp0dtNEO3GmE8M=
-46,10,Ggr/hEdJOJCZ2FHY+O/PY8EBqSE=,LXiS7oiFwJNRPEp0dtNEO3GmE8M=
-45,10,Ggr/hEdJOJCZ2FHY+O/PY8EBqSE=,LXiS7oiFwJNRPEp0dtNEO3GmE8M=
-44,10,Ggr/hEdJOJCZ2FHY+O/PY8EBqSE=,LXiS7oiFwJNRPEp0dtNEO3GmE8M=
-43,10,Ggr/hEdJOJCZ2FHY+O/PY8EBqSE=,LXiS7oiFwJNRPEp0dtNEO3GmE8M=
-47,11,Ggr/hEdJOJCZ2FHY+O/PY8EBqSE=,LXiS7oiFwJNRPEp0dtNEO3GmE8M=
-42,10,Ggr/hEdJOJCZ2FHY+O/PY8EBqSE=,LXiS7oiFwJNRPEp0dtNEO3GmE8M=
-46,11,Ggr/hEdJOJCZ2FHY+O/PY8EBqSE=,LXiS7oiFwJNRPEp0dtNEO3GmE8M=
-45,11,Ggr/hEdJOJCZ2FHY+O/PY8EBqSE=,LXiS7oiFwJNRPEp0dtNEO3GmE8M=
-44,11,Ggr/hEdJOJCZ2FHY+O/PY8EBqSE=,LXiS7oiFwJNRPEp0dtNEO3GmE8M=
-43,11,Ggr/hEdJOJCZ2FHY+O/PY8EBqSE=,LXiS7oiFwJNRPEp0dtNEO3GmE8M=
-42,11,Ggr/hEdJOJCZ2FHY+O/PY8EBqSE=,LXiS7oiFwJNRPEp0dtNEO3GmE8M=
-47,12,Ggr/hEdJOJCZ2FHY+O/PY8EBqSE=,LXiS7oiFwJNRPEp0dtNEO3GmE8M=
-46,12,Ggr/hEdJOJCZ2FHY+O/PY8EBqSE=,LXiS7oiFwJNRPEp0dtNEO3GmE8M=
-45,12,Ggr/hEdJOJCZ2FHY+O/PY8EBqSE=,LXiS7oiFwJNRPEp0dtNEO3GmE8M=
-44,12,Ggr/hEdJOJCZ2FHY+O/PY8EBqSE=,LXiS7oiFwJNRPEp0dtNEO3GmE8M=
-43,12,Ggr/hEdJOJCZ2FHY+O/PY8EBqSE=,LXiS7oiFwJNRPEp0dtNEO3GmE8M=
-42,12,Ggr/hEdJOJCZ2FHY+O/PY8EBqSE=,LXiS7oiFwJNRPEp0dtNEO3GmE8M=
-42,8,Ggr/hEdJOJCZ2FHY+O/PY8EBqSE=,LXiS7oiFwJNRPEp0dtNEO3GmE8M=
-47,13,Ggr/hEdJOJCZ2FHY+O/PY8EBqSE=,LXiS7oiFwJNRPEp0dtNEO3GmE8M=
-46,13,Ggr/hEdJOJCZ2FHY+O/PY8EBqSE=,LXiS7oiFwJNRPEp0dtNEO3GmE8M=
-45,13,Ggr/hEdJOJCZ2FHY+O/PY8EBqSE=,LXiS7oiFwJNRPEp0dtNEO3GmE8M=
-47,7,Ggr/hEdJOJCZ2FHY+O/PY8EBqSE=,LXiS7oiFwJNRPEp0dtNEO3GmE8M=
-44,13,Ggr/hEdJOJCZ2FHY+O/PY8EBqSE=,LXiS7oiFwJNRPEp0dtNEO3GmE8M=
-46,7,Ggr/hEdJOJCZ2FHY+O/PY8EBqSE=,LXiS7oiFwJNRPEp0dtNEO3GmE8M=
-43,13,Ggr/hEdJOJCZ2FHY+O/PY8EBqSE=,LXiS7oiFwJNRPEp0dtNEO3GmE8M=
-45,7,Ggr/hEdJOJCZ2FHY+O/PY8EBqSE=,LXiS7oiFwJNRPEp0dtNEO3GmE8M=
-42,13,Ggr/hEdJOJCZ2FHY+O/PY8EBqSE=,LXiS7oiFwJNRPEp0dtNEO3GmE8M=
-47,14,Ggr/hEdJOJCZ2FHY+O/PY8EBqSE=,LXiS7oiFwJNRPEp0dtNEO3GmE8M=
-46,14,Ggr/hEdJOJCZ2FHY+O/PY8EBqSE=,LXiS7oiFwJNRPEp0dtNEO3GmE8M=
-45,14,Ggr/hEdJOJCZ2FHY+O/PY8EBqSE=,LXiS7oiFwJNRPEp0dtNEO3GmE8M=
-44,14,Ggr/hEdJOJCZ2FHY+O/PY8EBqSE=,LXiS7oiFwJNRPEp0dtNEO3GmE8M=
-44,7,Ggr/hEdJOJCZ2FHY+O/PY8EBqSE=,LXiS7oiFwJNRPEp0dtNEO3GmE8M=
-43,14,Ggr/hEdJOJCZ2FHY+O/PY8EBqSE=,LXiS7oiFwJNRPEp0dtNEO3GmE8M=
-42,14,Ggr/hEdJOJCZ2FHY+O/PY8EBqSE=,LXiS7oiFwJNRPEp0dtNEO3GmE8M=
-43,7,Ggr/hEdJOJCZ2FHY+O/PY8EBqSE=,LXiS7oiFwJNRPEp0dtNEO3GmE8M=
-42,7,Ggr/hEdJOJCZ2FHY+O/PY8EBqSE=,LXiS7oiFwJNRPEp0dtNEO3GmE8M=
-36,6,Ggr/hEdJOJCZ2FHY+O/PY8EBqSE=,LXiS7oiFwJNRPEp0dtNEO3GmE8M=
-35,6,Ggr/hEdJOJCZ2FHY+O/PY8EBqSE=,LXiS7oiFwJNRPEp0dtNEO3GmE8M=
-34,6,Ggr/hEdJOJCZ2FHY+O/PY8EBqSE=,LXiS7oiFwJNRPEp0dtNEO3GmE8M=
-38,1,Ggr/hEdJOJCZ2FHY+O/PY8EBqSE=,LXiS7oiFwJNRPEp0dtNEO3GmE8M=
-33,6,Ggr/hEdJOJCZ2FHY+O/PY8EBqSE=,LXiS7oiFwJNRPEp0dtNEO3GmE8M=
-37,1,Ggr/hEdJOJCZ2FHY+O/PY8EBqSE=,LXiS7oiFwJNRPEp0dtNEO3GmE8M=
-36,1,Ggr/hEdJOJCZ2FHY+O/PY8EBqSE=,LXiS7oiFwJNRPEp0dtNEO3GmE8M=
-35,1,Ggr/hEdJOJCZ2FHY+O/PY8EBqSE=,LXiS7oiFwJNRPEp0dtNEO3GmE8M=
-34,1,Ggr/hEdJOJCZ2FHY+O/PY8EBqSE=,LXiS7oiFwJNRPEp0dtNEO3GmE8M=
-40,2,Ggr/hEdJOJCZ2FHY+O/PY8EBqSE=,LXiS7oiFwJNRPEp0dtNEO3GmE8M=
-33,1,Ggr/hEdJOJCZ2FHY+O/PY8EBqSE=,LXiS7oiFwJNRPEp0dtNEO3GmE8M=
-39,2,Ggr/hEdJOJCZ2FHY+O/PY8EBqSE=,LXiS7oiFwJNRPEp0dtNEO3GmE8M=
-41,4,Ggr/hEdJOJCZ2FHY+O/PY8EBqSE=,LXiS7oiFwJNRPEp0dtNEO3GmE8M=
-38,2,Ggr/hEdJOJCZ2FHY+O/PY8EBqSE=,LXiS7oiFwJNRPEp0dtNEO3GmE8M=
-37,2,HtwSkMsjdS1XrL7hHQE3irhxc/E=,LXiS7oiFwJNRPEp0dtNEO3GmE8M=
-36,2,HtwSkMsjdS1XrL7hHQE3irhxc/E=,LXiS7oiFwJNRPEp0dtNEO3GmE8M=
-35,2,HtwSkMsjdS1XrL7hHQE3irhxc/E=,LXiS7oiFwJNRPEp0dtNEO3GmE8M=
-41,5,HtwSkMsjdS1XrL7hHQE3irhxc/E=,LXiS7oiFwJNRPEp0dtNEO3GmE8M=
-34,2,HtwSkMsjdS1XrL7hHQE3irhxc/E=,LXiS7oiFwJNRPEp0dtNEO3GmE8M=
-33,2,HtwSkMsjdS1XrL7hHQE3irhxc/E=,LXiS7oiFwJNRPEp0dtNEO3GmE8M=
-40,3,HtwSkMsjdS1XrL7hHQE3irhxc/E=,LXiS7oiFwJNRPEp0dtNEO3GmE8M=
-39,3,HtwSkMsjdS1XrL7hHQE3irhxc/E=,LXiS7oiFwJNRPEp0dtNEO3GmE8M=
-38,3,HtwSkMsjdS1XrL7hHQE3irhxc/E=,LXiS7oiFwJNRPEp0dtNEO3GmE8M=
-37,3,HtwSkMsjdS1XrL7hHQE3irhxc/E=,LXiS7oiFwJNRPEp0dtNEO3GmE8M=
-36,3,HtwSkMsjdS1XrL7hHQE3irhxc/E=,LXiS7oiFwJNRPEp0dtNEO3GmE8M=
-35,3,HtwSkMsjdS1XrL7hHQE3irhxc/E=,LXiS7oiFwJNRPEp0dtNEO3GmE8M=
-34,3,HtwSkMsjdS1XrL7hHQE3irhxc/E=,LXiS7oiFwJNRPEp0dtNEO3GmE8M=
-33,3,HtwSkMsjdS1XrL7hHQE3irhxc/E=,LXiS7oiFwJNRPEp0dtNEO3GmE8M=
-40,4,HtwSkMsjdS1XrL7hHQE3irhxc/E=,LXiS7oiFwJNRPEp0dtNEO3GmE8M=
-39,4,HtwSkMsjdS1XrL7hHQE3irhxc/E=,LXiS7oiFwJNRPEp0dtNEO3GmE8M=
-41,3,HtwSkMsjdS1XrL7hHQE3irhxc/E=,LXiS7oiFwJNRPEp0dtNEO3GmE8M=
-38,4,HtwSkMsjdS1XrL7hHQE3irhxc/E=,LXiS7oiFwJNRPEp0dtNEO3GmE8M=
-37,4,HtwSkMsjdS1XrL7hHQE3irhxc/E=,LXiS7oiFwJNRPEp0dtNEO3GmE8M=
-36,4,HtwSkMsjdS1XrL7hHQE3irhxc/E=,LXiS7oiFwJNRPEp0dtNEO3GmE8M=
-35,4,HtwSkMsjdS1XrL7hHQE3irhxc/E=,LXiS7oiFwJNRPEp0dtNEO3GmE8M=
-34,4,HtwSkMsjdS1XrL7hHQE3irhxc/E=,LXiS7oiFwJNRPEp0dtNEO3GmE8M=
-33,4,HtwSkMsjdS1XrL7hHQE3irhxc/E=,LXiS7oiFwJNRPEp0dtNEO3GmE8M=
-40,5,HtwSkMsjdS1XrL7hHQE3irhxc/E=,LXiS7oiFwJNRPEp0dtNEO3GmE8M=
-39,5,HtwSkMsjdS1XrL7hHQE3irhxc/E=,LXiS7oiFwJNRPEp0dtNEO3GmE8M=
-38,5,HtwSkMsjdS1XrL7hHQE3irhxc/E=,LXiS7oiFwJNRPEp0dtNEO3GmE8M=
-37,5,HtwSkMsjdS1XrL7hHQE3irhxc/E=,LXiS7oiFwJNRPEp0dtNEO3GmE8M=
-36,5,HtwSkMsjdS1XrL7hHQE3irhxc/E=,LXiS7oiFwJNRPEp0dtNEO3GmE8M=
-35,5,HtwSkMsjdS1XrL7hHQE3irhxc/E=,LXiS7oiFwJNRPEp0dtNEO3GmE8M=
-41,6,HtwSkMsjdS1XrL7hHQE3irhxc/E=,LXiS7oiFwJNRPEp0dtNEO3GmE8M=
-34,5,HtwSkMsjdS1XrL7hHQE3irhxc/E=,LXiS7oiFwJNRPEp0dtNEO3GmE8M=
-33,5,HtwSkMsjdS1XrL7hHQE3irhxc/E=,LXiS7oiFwJNRPEp0dtNEO3GmE8M=
-40,6,HtwSkMsjdS1XrL7hHQE3irhxc/E=,LXiS7oiFwJNRPEp0dtNEO3GmE8M=
-41,2,HtwSkMsjdS1XrL7hHQE3irhxc/E=,LXiS7oiFwJNRPEp0dtNEO3GmE8M=
-39,6,HtwSkMsjdS1XrL7hHQE3irhxc/E=,LXiS7oiFwJNRPEp0dtNEO3GmE8M=
-38,6,HtwSkMsjdS1XrL7hHQE3irhxc/E=,LXiS7oiFwJNRPEp0dtNEO3GmE8M=
-37,6,HtwSkMsjdS1XrL7hHQE3irhxc/E=,LXiS7oiFwJNRPEp0dtNEO3GmE8M=
-36,9,HtwSkMsjdS1XrL7hHQE3irhxc/E=,LXiS7oiFwJNRPEp0dtNEO3GmE8M=
-35,9,HtwSkMsjdS1XrL7hHQE3irhxc/E=,LXiS7oiFwJNRPEp0dtNEO3GmE8M=
-34,9,HtwSkMsjdS1XrL7hHQE3irhxc/E=,LXiS7oiFwJNRPEp0dtNEO3GmE8M=
-33,9,HtwSkMsjdS1XrL7hHQE3irhxc/E=,LXiS7oiFwJNRPEp0dtNEO3GmE8M=
-40,10,HtwSkMsjdS1XrL7hHQE3irhxc/E=,LXiS7oiFwJNRPEp0dtNEO3GmE8M=
-39,10,HtwSkMsjdS1XrL7hHQE3irhxc/E=,LXiS7oiFwJNRPEp0dtNEO3GmE8M=
-39,7,HtwSkMsjdS1XrL7hHQE3irhxc/E=,LXiS7oiFwJNRPEp0dtNEO3GmE8M=
-40,7,HtwSkMsjdS1XrL7hHQE3irhxc/E=,LXiS7oiFwJNRPEp0dtNEO3GmE8M=
-38,7,HtwSkMsjdS1XrL7hHQE3irhxc/E=,LXiS7oiFwJNRPEp0dtNEO3GmE8M=
-37,7,HtwSkMsjdS1XrL7hHQE3irhxc/E=,LXiS7oiFwJNRPEp0dtNEO3GmE8M=
-36,7,HtwSkMsjdS1XrL7hHQE3irhxc/E=,LXiS7oiFwJNRPEp0dtNEO3GmE8M=
-35,7,HtwSkMsjdS1XrL7hHQE3irhxc/E=,LXiS7oiFwJNRPEp0dtNEO3GmE8M=
-38,10,HtwSkMsjdS1XrL7hHQE3irhxc/E=,LXiS7oiFwJNRPEp0dtNEO3GmE8M=
-37,10,HtwSkMsjdS1XrL7hHQE3irhxc/E=,LXiS7oiFwJNRPEp0dtNEO3GmE8M=
-41,9,HtwSkMsjdS1XrL7hHQE3irhxc/E=,LXiS7oiFwJNRPEp0dtNEO3GmE8M=
-34,7,HtwSkMsjdS1XrL7hHQE3irhxc/E=,LXiS7oiFwJNRPEp0dtNEO3GmE8M=
-36,10,HtwSkMsjdS1XrL7hHQE3irhxc/E=,LXiS7oiFwJNRPEp0dtNEO3GmE8M=
-35,10,HtwSkMsjdS1XrL7hHQE3irhxc/E=,LXiS7oiFwJNRPEp0dtNEO3GmE8M=
-34,10,HtwSkMsjdS1XrL7hHQE3irhxc/E=,LXiS7oiFwJNRPEp0dtNEO3GmE8M=
-33,7,HtwSkMsjdS1XrL7hHQE3irhxc/E=,LXiS7oiFwJNRPEp0dtNEO3GmE8M=
-33,10,HtwSkMsjdS1XrL7hHQE3irhxc/E=,LXiS7oiFwJNRPEp0dtNEO3GmE8M=
-40,11,HtwSkMsjdS1XrL7hHQE3irhxc/E=,LXiS7oiFwJNRPEp0dtNEO3GmE8M=
-39,11,HtwSkMsjdS1XrL7hHQE3irhxc/E=,LXiS7oiFwJNRPEp0dtNEO3GmE8M=
-38,11,HtwSkMsjdS1XrL7hHQE3irhxc/E=,LXiS7oiFwJNRPEp0dtNEO3GmE8M=
-37,11,HtwSkMsjdS1XrL7hHQE3irhxc/E=,LXiS7oiFwJNRPEp0dtNEO3GmE8M=
-36,11,HtwSkMsjdS1XrL7hHQE3irhxc/E=,LXiS7oiFwJNRPEp0dtNEO3GmE8M=
-41,10,HtwSkMsjdS1XrL7hHQE3irhxc/E=,LXiS7oiFwJNRPEp0dtNEO3GmE8M=
-35,11,HtwSkMsjdS1XrL7hHQE3irhxc/E=,LXiS7oiFwJNRPEp0dtNEO3GmE8M=
-34,11,HtwSkMsjdS1XrL7hHQE3irhxc/E=,LXiS7oiFwJNRPEp0dtNEO3GmE8M=
-33,11,HtwSkMsjdS1XrL7hHQE3irhxc/E=,LXiS7oiFwJNRPEp0dtNEO3GmE8M=
-40,12,HtwSkMsjdS1XrL7hHQE3irhxc/E=,LXiS7oiFwJNRPEp0dtNEO3GmE8M=
-39,12,HtwSkMsjdS1XrL7hHQE3irhxc/E=,LXiS7oiFwJNRPEp0dtNEO3GmE8M=
-38,12,HtwSkMsjdS1XrL7hHQE3irhxc/E=,LXiS7oiFwJNRPEp0dtNEO3GmE8M=
-37,12,HtwSkMsjdS1XrL7hHQE3irhxc/E=,LXiS7oiFwJNRPEp0dtNEO3GmE8M=
-41,11,HtwSkMsjdS1XrL7hHQE3irhxc/E=,LXiS7oiFwJNRPEp0dtNEO3GmE8M=
-36,12,HtwSkMsjdS1XrL7hHQE3irhxc/E=,LXiS7oiFwJNRPEp0dtNEO3GmE8M=
-35,12,HtwSkMsjdS1XrL7hHQE3irhxc/E=,LXiS7oiFwJNRPEp0dtNEO3GmE8M=
-41,12,HtwSkMsjdS1XrL7hHQE3irhxc/E=,LXiS7oiFwJNRPEp0dtNEO3GmE8M=
-34,12,HtwSkMsjdS1XrL7hHQE3irhxc/E=,LXiS7oiFwJNRPEp0dtNEO3GmE8M=
-33,12,HtwSkMsjdS1XrL7hHQE3irhxc/E=,LXiS7oiFwJNRPEp0dtNEO3GmE8M=
-40,13,HtwSkMsjdS1XrL7hHQE3irhxc/E=,LXiS7oiFwJNRPEp0dtNEO3GmE8M=
-39,13,HtwSkMsjdS1XrL7hHQE3irhxc/E=,LXiS7oiFwJNRPEp0dtNEO3GmE8M=
-38,13,HtwSkMsjdS1XrL7hHQE3irhxc/E=,LXiS7oiFwJNRPEp0dtNEO3GmE8M=
-37,13,HtwSkMsjdS1XrL7hHQE3irhxc/E=,LXiS7oiFwJNRPEp0dtNEO3GmE8M=
-36,13,HtwSkMsjdS1XrL7hHQE3irhxc/E=,LXiS7oiFwJNRPEp0dtNEO3GmE8M=
-35,13,HtwSkMsjdS1XrL7hHQE3irhxc/E=,LXiS7oiFwJNRPEp0dtNEO3GmE8M=
-34,13,HtwSkMsjdS1XrL7hHQE3irhxc/E=,LXiS7oiFwJNRPEp0dtNEO3GmE8M=
-40,14,HtwSkMsjdS1XrL7hHQE3irhxc/E=,LXiS7oiFwJNRPEp0dtNEO3GmE8M=
-33,13,HtwSkMsjdS1XrL7hHQE3irhxc/E=,LXiS7oiFwJNRPEp0dtNEO3GmE8M=
-39,14,HtwSkMsjdS1XrL7hHQE3irhxc/E=,LXiS7oiFwJNRPEp0dtNEO3GmE8M=
-38,14,HtwSkMsjdS1XrL7hHQE3irhxc/E=,LXiS7oiFwJNRPEp0dtNEO3GmE8M=
-37,14,HtwSkMsjdS1XrL7hHQE3irhxc/E=,LXiS7oiFwJNRPEp0dtNEO3GmE8M=
-35,14,HtwSkMsjdS1XrL7hHQE3irhxc/E=,LXiS7oiFwJNRPEp0dtNEO3GmE8M=
-36,14,HtwSkMsjdS1XrL7hHQE3irhxc/E=,LXiS7oiFwJNRPEp0dtNEO3GmE8M=
-41,13,HtwSkMsjdS1XrL7hHQE3irhxc/E=,LXiS7oiFwJNRPEp0dtNEO3GmE8M=
-41,14,HtwSkMsjdS1XrL7hHQE3irhxc/E=,LXiS7oiFwJNRPEp0dtNEO3GmE8M=
-34,14,HtwSkMsjdS1XrL7hHQE3irhxc/E=,LXiS7oiFwJNRPEp0dtNEO3GmE8M=
-33,14,HtwSkMsjdS1XrL7hHQE3irhxc/E=,LXiS7oiFwJNRPEp0dtNEO3GmE8M=
-39,8,HtwSkMsjdS1XrL7hHQE3irhxc/E=,LXiS7oiFwJNRPEp0dtNEO3GmE8M=
-40,8,HtwSkMsjdS1XrL7hHQE3irhxc/E=,LXiS7oiFwJNRPEp0dtNEO3GmE8M=
-38,8,HtwSkMsjdS1XrL7hHQE3irhxc/E=,LXiS7oiFwJNRPEp0dtNEO3GmE8M=
-37,8,HtwSkMsjdS1XrL7hHQE3irhxc/E=,LXiS7oiFwJNRPEp0dtNEO3GmE8M=
-36,8,HtwSkMsjdS1XrL7hHQE3irhxc/E=,LXiS7oiFwJNRPEp0dtNEO3GmE8M=
-35,8,HtwSkMsjdS1XrL7hHQE3irhxc/E=,LXiS7oiFwJNRPEp0dtNEO3GmE8M=
-33,8,HtwSkMsjdS1XrL7hHQE3irhxc/E=,LXiS7oiFwJNRPEp0dtNEO3GmE8M=
-34,8,HtwSkMsjdS1XrL7hHQE3irhxc/E=,LXiS7oiFwJNRPEp0dtNEO3GmE8M=
-38,9,HtwSkMsjdS1XrL7hHQE3irhxc/E=,LXiS7oiFwJNRPEp0dtNEO3GmE8M=
-39,9,HtwSkMsjdS1XrL7hHQE3irhxc/E=,LXiS7oiFwJNRPEp0dtNEO3GmE8M=
-37,9,HtwSkMsjdS1XrL7hHQE3irhxc/E=,LXiS7oiFwJNRPEp0dtNEO3GmE8M=
-41,7,HtwSkMsjdS1XrL7hHQE3irhxc/E=,LXiS7oiFwJNRPEp0dtNEO3GmE8M=
-41,8,HtwSkMsjdS1XrL7hHQE3irhxc/E=,LXiS7oiFwJNRPEp0dtNEO3GmE8M=
-47,3,HtwSkMsjdS1XrL7hHQE3irhxc/E=,LXiS7oiFwJNRPEp0dtNEO3GmE8M=
-43,6,HtwSkMsjdS1XrL7hHQE3irhxc/E=,LXiS7oiFwJNRPEp0dtNEO3GmE8M=
-42,6,HtwSkMsjdS1XrL7hHQE3irhxc/E=,LXiS7oiFwJNRPEp0dtNEO3GmE8M=
-40,9,HtwSkMsjdS1XrL7hHQE3irhxc/E=,LXiS7oiFwJNRPEp0dtNEO3GmE8M=
-44,6,HtwSkMsjdS1XrL7hHQE3irhxc/E=,LXiS7oiFwJNRPEp0dtNEO3GmE8M=
-43,5,HtwSkMsjdS1XrL7hHQE3irhxc/E=,LXiS7oiFwJNRPEp0dtNEO3GmE8M=
-44,5,HtwSkMsjdS1XrL7hHQE3irhxc/E=,LXiS7oiFwJNRPEp0dtNEO3GmE8M=
-45,6,HtwSkMsjdS1XrL7hHQE3irhxc/E=,LXiS7oiFwJNRPEp0dtNEO3GmE8M=
-45,4,HtwSkMsjdS1XrL7hHQE3irhxc/E=,LXiS7oiFwJNRPEp0dtNEO3GmE8M=
-46,4,HtwSkMsjdS1XrL7hHQE3irhxc/E=,LXiS7oiFwJNRPEp0dtNEO3GmE8M=
-45,5,HtwSkMsjdS1XrL7hHQE3irhxc/E=,LXiS7oiFwJNRPEp0dtNEO3GmE8M=
-42,2,HtwSkMsjdS1XrL7hHQE3irhxc/E=,LXiS7oiFwJNRPEp0dtNEO3GmE8M=
-47,4,HtwSkMsjdS1XrL7hHQE3irhxc/E=,LXiS7oiFwJNRPEp0dtNEO3GmE8M=
-43,2,HtwSkMsjdS1XrL7hHQE3irhxc/E=,LXiS7oiFwJNRPEp0dtNEO3GmE8M=
-45,2,HtwSkMsjdS1XrL7hHQE3irhxc/E=,LXiS7oiFwJNRPEp0dtNEO3GmE8M=
-42,3,HtwSkMsjdS1XrL7hHQE3irhxc/E=,LXiS7oiFwJNRPEp0dtNEO3GmE8M=
-46,2,HtwSkMsjdS1XrL7hHQE3irhxc/E=,LXiS7oiFwJNRPEp0dtNEO3GmE8M=
-44,3,HtwSkMsjdS1XrL7hHQE3irhxc/E=,LXiS7oiFwJNRPEp0dtNEO3GmE8M=
-44,2,HtwSkMsjdS1XrL7hHQE3irhxc/E=,LXiS7oiFwJNRPEp0dtNEO3GmE8M=
-43,3,HtwSkMsjdS1XrL7hHQE3irhxc/E=,LXiS7oiFwJNRPEp0dtNEO3GmE8M=
-46,6,HtwSkMsjdS1XrL7hHQE3irhxc/E=,LXiS7oiFwJNRPEp0dtNEO3GmE8M=
-45,3,HtwSkMsjdS1XrL7hHQE3irhxc/E=,LXiS7oiFwJNRPEp0dtNEO3GmE8M=
-46,3,HtwSkMsjdS1XrL7hHQE3irhxc/E=,LXiS7oiFwJNRPEp0dtNEO3GmE8M=
-47,6,HtwSkMsjdS1XrL7hHQE3irhxc/E=,LXiS7oiFwJNRPEp0dtNEO3GmE8M=
-47,2,HtwSkMsjdS1XrL7hHQE3irhxc/E=,LXiS7oiFwJNRPEp0dtNEO3GmE8M=
-47,5,HtwSkMsjdS1XrL7hHQE3irhxc/E=,LXiS7oiFwJNRPEp0dtNEO3GmE8M=
-46,5,HtwSkMsjdS1XrL7hHQE3irhxc/E=,LXiS7oiFwJNRPEp0dtNEO3GmE8M=
-45,1,HtwSkMsjdS1XrL7hHQE3irhxc/E=,LXiS7oiFwJNRPEp0dtNEO3GmE8M=
-46,1,HtwSkMsjdS1XrL7hHQE3irhxc/E=,LXiS7oiFwJNRPEp0dtNEO3GmE8M=
-42,5,HtwSkMsjdS1XrL7hHQE3irhxc/E=,LXiS7oiFwJNRPEp0dtNEO3GmE8M=
-43,4,HtwSkMsjdS1XrL7hHQE3irhxc/E=,LXiS7oiFwJNRPEp0dtNEO3GmE8M=
-42,4,HtwSkMsjdS1XrL7hHQE3irhxc/E=,LXiS7oiFwJNRPEp0dtNEO3GmE8M=
-39,15,HtwSkMsjdS1XrL7hHQE3irhxc/E=,LXiS7oiFwJNRPEp0dtNEO3GmE8M=
-37,15,HtwSkMsjdS1XrL7hHQE3irhxc/E=,LXiS7oiFwJNRPEp0dtNEO3GmE8M=
-36,15,HtwSkMsjdS1XrL7hHQE3irhxc/E=,LXiS7oiFwJNRPEp0dtNEO3GmE8M=
-38,15,HtwSkMsjdS1XrL7hHQE3irhxc/E=,LXiS7oiFwJNRPEp0dtNEO3GmE8M=
-35,15,HtwSkMsjdS1XrL7hHQE3irhxc/E=,LXiS7oiFwJNRPEp0dtNEO3GmE8M=
-34,15,HtwSkMsjdS1XrL7hHQE3irhxc/E=,LXiS7oiFwJNRPEp0dtNEO3GmE8M=
-33,15,HtwSkMsjdS1XrL7hHQE3irhxc/E=,LXiS7oiFwJNRPEp0dtNEO3GmE8M=
-40,15,HtwSkMsjdS1XrL7hHQE3irhxc/E=,LXiS7oiFwJNRPEp0dtNEO3GmE8M=
-47,15,HtwSkMsjdS1XrL7hHQE3irhxc/E=,LXiS7oiFwJNRPEp0dtNEO3GmE8M=
-46,15,HtwSkMsjdS1XrL7hHQE3irhxc/E=,LXiS7oiFwJNRPEp0dtNEO3GmE8M=
-45,15,HtwSkMsjdS1XrL7hHQE3irhxc/E=,LXiS7oiFwJNRPEp0dtNEO3GmE8M=
-44,15,HtwSkMsjdS1XrL7hHQE3irhxc/E=,LXiS7oiFwJNRPEp0dtNEO3GmE8M=
-43,15,HtwSkMsjdS1XrL7hHQE3irhxc/E=,LXiS7oiFwJNRPEp0dtNEO3GmE8M=
-48,9,HtwSkMsjdS1XrL7hHQE3irhxc/E=,LXiS7oiFwJNRPEp0dtNEO3GmE8M=
-42,15,HtwSkMsjdS1XrL7hHQE3irhxc/E=,LXiS7oiFwJNRPEp0dtNEO3GmE8M=
-48,10,HtwSkMsjdS1XrL7hHQE3irhxc/E=,LXiS7oiFwJNRPEp0dtNEO3GmE8M=
-41,15,HtwSkMsjdS1XrL7hHQE3irhxc/E=,LXiS7oiFwJNRPEp0dtNEO3GmE8M=
-48,11,HtwSkMsjdS1XrL7hHQE3irhxc/E=,LXiS7oiFwJNRPEp0dtNEO3GmE8M=
-48,12,HtwSkMsjdS1XrL7hHQE3irhxc/E=,LXiS7oiFwJNRPEp0dtNEO3GmE8M=
-48,13,HtwSkMsjdS1XrL7hHQE3irhxc/E=,LXiS7oiFwJNRPEp0dtNEO3GmE8M=
-48,14,HtwSkMsjdS1XrL7hHQE3irhxc/E=,LXiS7oiFwJNRPEp0dtNEO3GmE8M=
-48,8,HtwSkMsjdS1XrL7hHQE3irhxc/E=,LXiS7oiFwJNRPEp0dtNEO3GmE8M=
-48,5,HtwSkMsjdS1XrL7hHQE3irhxc/E=,LXiS7oiFwJNRPEp0dtNEO3GmE8M=
-48,7,HtwSkMsjdS1XrL7hHQE3irhxc/E=,LXiS7oiFwJNRPEp0dtNEO3GmE8M=
-48,6,HtwSkMsjdS1XrL7hHQE3irhxc/E=,LXiS7oiFwJNRPEp0dtNEO3GmE8M=
-48,4,HtwSkMsjdS1XrL7hHQE3irhxc/E=,LXiS7oiFwJNRPEp0dtNEO3GmE8M=
-48,3,HtwSkMsjdS1XrL7hHQE3irhxc/E=,LXiS7oiFwJNRPEp0dtNEO3GmE8M=
-47,1,HtwSkMsjdS1XrL7hHQE3irhxc/E=,LXiS7oiFwJNRPEp0dtNEO3GmE8M=
-48,15,HtwSkMsjdS1XrL7hHQE3irhxc/E=,LXiS7oiFwJNRPEp0dtNEO3GmE8M=
-48,0,HtwSkMsjdS1XrL7hHQE3irhxc/E=,LXiS7oiFwJNRPEp0dtNEO3GmE8M=
-33,0,HtwSkMsjdS1XrL7hHQE3irhxc/E=,LXiS7oiFwJNRPEp0dtNEO3GmE8M=
-35,0,HtwSkMsjdS1XrL7hHQE3irhxc/E=,LXiS7oiFwJNRPEp0dtNEO3GmE8M=
-34,0,HtwSkMsjdS1XrL7hHQE3irhxc/E=,LXiS7oiFwJNRPEp0dtNEO3GmE8M=
-37,0,HtwSkMsjdS1XrL7hHQE3irhxc/E=,LXiS7oiFwJNRPEp0dtNEO3GmE8M=
-39,1,HtwSkMsjdS1XrL7hHQE3irhxc/E=,LXiS7oiFwJNRPEp0dtNEO3GmE8M=
-36,0,HtwSkMsjdS1XrL7hHQE3irhxc/E=,LXiS7oiFwJNRPEp0dtNEO3GmE8M=
-42,1,HtwSkMsjdS1XrL7hHQE3irhxc/E=,LXiS7oiFwJNRPEp0dtNEO3GmE8M=
-45,0,HtwSkMsjdS1XrL7hHQE3irhxc/E=,LXiS7oiFwJNRPEp0dtNEO3GmE8M=
-48,2,HtwSkMsjdS1XrL7hHQE3irhxc/E=,LXiS7oiFwJNRPEp0dtNEO3GmE8M=
-40,1,HtwSkMsjdS1XrL7hHQE3irhxc/E=,LXiS7oiFwJNRPEp0dtNEO3GmE8M=
-44,1,HtwSkMsjdS1XrL7hHQE3irhxc/E=,LXiS7oiFwJNRPEp0dtNEO3GmE8M=
-38,0,HtwSkMsjdS1XrL7hHQE3irhxc/E=,LXiS7oiFwJNRPEp0dtNEO3GmE8M=
-41,1,HtwSkMsjdS1XrL7hHQE3irhxc/E=,LXiS7oiFwJNRPEp0dtNEO3GmE8M=
-48,1,HtwSkMsjdS1XrL7hHQE3irhxc/E=,LXiS7oiFwJNRPEp0dtNEO3GmE8M=
-43,1,HtwSkMsjdS1XrL7hHQE3irhxc/E=,LXiS7oiFwJNRPEp0dtNEO3GmE8M=
-39,0,HtwSkMsjdS1XrL7hHQE3irhxc/E=,LXiS7oiFwJNRPEp0dtNEO3GmE8M=
-46,0,HtwSkMsjdS1XrL7hHQE3irhxc/E=,LXiS7oiFwJNRPEp0dtNEO3GmE8M=
-40,0,HtwSkMsjdS1XrL7hHQE3irhxc/E=,LXiS7oiFwJNRPEp0dtNEO3GmE8M=
-44,0,HtwSkMsjdS1XrL7hHQE3irhxc/E=,LXiS7oiFwJNRPEp0dtNEO3GmE8M=
-43,0,HtwSkMsjdS1XrL7hHQE3irhxc/E=,LXiS7oiFwJNRPEp0dtNEO3GmE8M=
-41,0,HtwSkMsjdS1XrL7hHQE3irhxc/E=,LXiS7oiFwJNRPEp0dtNEO3GmE8M=
-42,0,HtwSkMsjdS1XrL7hHQE3irhxc/E=,LXiS7oiFwJNRPEp0dtNEO3GmE8M=
-47,0,HtwSkMsjdS1XrL7hHQE3irhxc/E=,LXiS7oiFwJNRPEp0dtNEO3GmE8M=
